<?xml version="1.0" encoding="utf-8"?>
<!--/467667/1717324/2.50/2/2/Capacitor Polarised/-->
<quadcept_library>
  <setting unit="mil" />
  <textstyle name="Default" height="47.244094488189" strokewidth="7.8740157480315" charwidth="47.244094488189" />
  <textstyle name="Dimension" height="19.6850393700787" strokewidth="0" charwidth="19.6850393700787" />
  <textstyle name="H127W0635TH00762" height="50" strokewidth="3" charwidth="25" />
  <textstyle name="H15W15TH02" height="59.0551181102362" strokewidth="7.8740157480315" charwidth="59.0551181102362" />
  <padstyle name="r375_205" surface="True" plated="False" isvia="False" nopaste="False" nomask="True" complex="False" holesize="0">
    <padshape layer="TOP" shape="rectangle" width="80.708661417322" height="147.63779527559" />
    <padshape layer="TOP_SOLDER_MASK" shape="rectangle" width="88.582677165353" height="155.51181102362" />
    <padshape layer="TOP_SOLDER_PASTE" shape="rectangle" width="80.708661417322" height="147.63779527559" />
  </padstyle>
  <footprint name="CAPAE830X1050N" originx="0" originy="0" pickpointx="0" pickpointy="0">
    <pcbpin number="1" name="1" style="r375_205" originx="-133.85826771653" originy="0" rotation="90" />
    <pcbpin number="2" name="2" style="r375_205" originx="133.85826771653" originy="0" rotation="90" />
    <line layer="TOP_PLACE_BOUND" originx="-227.36220472441" originy="187.00787401575" endx="227.36220472441" endy="187.00787401575" width="1.9685039370079" />
    <line layer="TOP_PLACE_BOUND" originx="227.36220472441" originy="187.00787401575" endx="227.36220472441" endy="-187.00787401575" width="1.9685039370079" />
    <line layer="TOP_PLACE_BOUND" originx="227.36220472441" originy="-187.00787401575" endx="-227.36220472441" endy="-187.00787401575" width="1.9685039370079" />
    <line layer="TOP_PLACE_BOUND" originx="-227.36220472441" originy="-187.00787401575" endx="-227.36220472441" endy="187.00787401575" width="1.9685039370079" />
    <line layer="TOP_ASSEMBLY" originx="163.38582677165" originy="163.38582677165" endx="-81.692913385826" endy="163.38582677165" width="3.9370078740157" />
    <line layer="TOP_ASSEMBLY" originx="-81.692913385826" originy="163.38582677165" endx="-163.38582677165" endy="81.692913385826" width="3.9370078740157" />
    <line layer="TOP_ASSEMBLY" originx="-163.38582677165" originy="81.692913385826" endx="-163.38582677165" endy="-81.692913385826" width="3.9370078740157" />
    <line layer="TOP_ASSEMBLY" originx="-163.38582677165" originy="-81.692913385826" endx="-81.692913385826" endy="-163.38582677165" width="3.9370078740157" />
    <line layer="TOP_ASSEMBLY" originx="-81.692913385826" originy="-163.38582677165" endx="163.38582677165" endy="-163.38582677165" width="3.9370078740157" />
    <line layer="TOP_ASSEMBLY" originx="163.38582677165" originy="-163.38582677165" endx="163.38582677165" endy="163.38582677165" width="3.9370078740157" />
    <line layer="TOP_SILKSCREEN" originx="-207.67716535433" originy="163.38582677165" endx="163.38582677165" endy="163.38582677165" width="7.8740157480314" />
    <line layer="TOP_SILKSCREEN" originx="-81.692913385826" originy="-163.38582677165" endx="163.38582677165" endy="-163.38582677165" width="7.8740157480314" />
  </footprint>
  <symbol name="865080553013" originx="0" originy="0">
    <line originx="200" originy="100" endx="200" endy="-100" width="0" />
    <line originx="230" originy="-100" endx="200" endy="-100" width="0" />
    <line originx="230" originy="-100" endx="230" endy="100" width="0" />
    <line originx="200" originy="100" endx="230" endy="100" width="0" />
    <line originx="180" originy="50" endx="140" endy="50" width="0" />
    <line originx="160" originy="70" endx="160" endy="30" width="0" />
    <line originx="100" originy="0" endx="200" endy="0" width="0" />
    <line originx="300" originy="0" endx="400" endy="0" width="0" />
    <sympin number="1" originx="100" originy="0" rotation="180" length="100" width="7.8740157480315" flipped="False">
      <text name="pinname" originx="0" originy="-10" style="Default" rotation="0" justify="upperleft" flipped="False" hidden="True" data="+" />
      <text name="pindes" originx="0" originy="10" style="Default" rotation="0" justify="lowerleft" flipped="False" hidden="False" data="1" />
    </sympin>
    <sympin number="2" originx="400" originy="0" rotation="0" length="100" width="7.8740157480315" flipped="False">
      <text name="pinname" originx="500" originy="-10" style="Default" rotation="0" justify="upperright" flipped="False" hidden="True" data="-" />
      <text name="pindes" originx="500" originy="10" style="Default" rotation="0" justify="lowerright" flipped="False" hidden="False" data="2" />
    </sympin>
    <polygon type="polygon">
      <point x="300" y="100" />
      <point x="300" y="-100" />
      <point x="270" y="-100" />
      <point x="270" y="100" />
    </polygon>
  </symbol>
  <component name="865080553013" designatorprefix="C" height="413.38582677165" footprint="CAPAE830X1050N">
    <comppin designator="1" sympin="1" pinswap="0" gateswap="0" gate="1" group="1" side="" type="Any" name="+" />
    <comppin designator="2" sympin="2" pinswap="0" gateswap="0" gate="1" group="1" side="" type="Any" name="-" />
    <attached_symbol gate="1" name="865080553013" />
    <pinmap designator="1" footprintpin="1" />
    <pinmap designator="2" footprintpin="2" />
    <text name="Datasheet" originx="0" originy="0" style="Default" rotation="0" justify="" flipped="False" hidden="True" data="https://www.we-online.com/components/products/download/3D_WCAP_ASLI_8x10x3 (rev1).pdf" />
    <text name="Description" originx="0" originy="0" style="Default" rotation="0" justify="" flipped="False" hidden="True" data="WCAP-ASLI Aluminum Electrolytic Capacitors ASEE105151M035DVCTEB000; SMT V-Chip; 150 F +/- 20%; 35 V(DC); 2000 h; -55C / +105C; size DxL 8.0 x 10.5; Max. Iripple 510 mA @100 kHz; LC 52.5 A; DF 14 %" />
    <text name="Manufacturer_Name" originx="0" originy="0" style="Default" rotation="0" justify="" flipped="False" hidden="True" data="Wurth Elektronik" />
    <text name="Manufacturer_Part_Number" originx="350" originy="150" style="Default" rotation="0" justify="left" flipped="False" hidden="False" data="865080553013" />
    <text name="Mouser Part Number" originx="0" originy="0" style="Default" rotation="0" justify="" flipped="False" hidden="True" data="710-865080553013" />
    <text name="Mouser Price/Stock" originx="0" originy="0" style="Default" rotation="0" justify="" flipped="False" hidden="True" data="https://www.mouser.co.uk/ProductDetail/Wurth-Elektronik/865080553013?qs=0KOYDY2FL29Thrvp1T0nKg%3D%3D" />
    <text name="Arrow Part Number" originx="0" originy="0" style="Default" rotation="0" justify="" flipped="False" hidden="True" data="" />
    <text name="Arrow Price/Stock" originx="0" originy="0" style="Default" rotation="0" justify="" flipped="False" hidden="True" data="" />
  </component>
</quadcept_library>
