<?xml version="1.0" encoding="utf-8"?>
<!--/522550/1717324/2.50/2/2/Capacitor/-->
<quadcept_library>
  <setting unit="mil" />
  <textstyle name="Default" height="47.244094488189" strokewidth="7.8740157480315" charwidth="47.244094488189" />
  <textstyle name="Dimension" height="19.6850393700787" strokewidth="0" charwidth="19.6850393700787" />
  <textstyle name="H127W0635TH00762" height="50" strokewidth="3" charwidth="25" />
  <textstyle name="H15W15TH02" height="59.0551181102362" strokewidth="7.8740157480315" charwidth="59.0551181102362" />
  <padstyle name="r147_62" surface="True" plated="False" isvia="False" nopaste="False" nomask="True" complex="False" holesize="0">
    <padshape layer="TOP" shape="rectangle" width="24.409448818897" height="57.874015748031" />
    <padshape layer="TOP_SOLDER_MASK" shape="rectangle" width="32.283464566929" height="65.748031496062" />
    <padshape layer="TOP_SOLDER_PASTE" shape="rectangle" width="24.409448818897" height="57.874015748031" />
  </padstyle>
  <footprint name="CAPC2012X145N" originx="0" originy="0" pickpointx="0" pickpointy="0">
    <pcbpin number="1" name="1" style="r147_62" originx="-39.370078740157" originy="0" rotation="0" />
    <pcbpin number="2" name="2" style="r147_62" originx="39.370078740157" originy="0" rotation="0" />
    <line layer="TOP_PLACE_BOUND" originx="-57.480314960629" originy="35.03937007874" endx="57.480314960629" endy="35.03937007874" width="1.9685039370079" />
    <line layer="TOP_PLACE_BOUND" originx="57.480314960629" originy="35.03937007874" endx="57.480314960629" endy="-35.03937007874" width="1.9685039370079" />
    <line layer="TOP_PLACE_BOUND" originx="57.480314960629" originy="-35.03937007874" endx="-57.480314960629" endy="-35.03937007874" width="1.9685039370079" />
    <line layer="TOP_PLACE_BOUND" originx="-57.480314960629" originy="-35.03937007874" endx="-57.480314960629" endy="35.03937007874" width="1.9685039370079" />
    <line layer="TOP_ASSEMBLY" originx="-39.370078740157" originy="24.606299212598" endx="39.370078740157" endy="24.606299212598" width="3.9370078740157" />
    <line layer="TOP_ASSEMBLY" originx="39.370078740157" originy="24.606299212598" endx="39.370078740157" endy="-24.606299212598" width="3.9370078740157" />
    <line layer="TOP_ASSEMBLY" originx="39.370078740157" originy="-24.606299212598" endx="-39.370078740157" endy="-24.606299212598" width="3.9370078740157" />
    <line layer="TOP_ASSEMBLY" originx="-39.370078740157" originy="-24.606299212598" endx="-39.370078740157" endy="24.606299212598" width="3.9370078740157" />
    <line layer="TOP_SILKSCREEN" originx="0" originy="20.669291338582" endx="0" endy="-20.669291338582" width="7.8740157480314" />
  </footprint>
  <symbol name="C2012X5R1H335K125AB" originx="0" originy="0">
    <line originx="220" originy="100" endx="220" endy="-100" width="0" />
    <line originx="280" originy="100" endx="280" endy="-100" width="0" />
    <line originx="200" originy="0" endx="220" endy="0" width="0" />
    <line originx="280" originy="0" endx="300" endy="0" width="0" />
    <sympin number="1" originx="200" originy="0" rotation="180" length="100" width="7.8740157480315" flipped="False">
      <text name="pinname" originx="0" originy="-10" style="Default" rotation="0" justify="upperleft" flipped="False" hidden="True" data="1" />
      <text name="pindes" originx="0" originy="10" style="Default" rotation="0" justify="lowerleft" flipped="False" hidden="False" data="1" />
    </sympin>
    <sympin number="2" originx="300" originy="0" rotation="0" length="100" width="7.8740157480315" flipped="False">
      <text name="pinname" originx="500" originy="-10" style="Default" rotation="0" justify="upperright" flipped="False" hidden="True" data="2" />
      <text name="pindes" originx="500" originy="10" style="Default" rotation="0" justify="lowerright" flipped="False" hidden="False" data="2" />
    </sympin>
  </symbol>
  <component name="C2012X5R1H335K125AB" designatorprefix="C" height="57.086614173228" footprint="CAPC2012X145N">
    <comppin designator="1" sympin="1" pinswap="0" gateswap="0" gate="1" group="1" side="" type="Any" name="1" />
    <comppin designator="2" sympin="2" pinswap="0" gateswap="0" gate="1" group="1" side="" type="Any" name="2" />
    <attached_symbol gate="1" name="C2012X5R1H335K125AB" />
    <pinmap designator="1" footprintpin="1" />
    <pinmap designator="2" footprintpin="2" />
    <text name="Datasheet" originx="0" originy="0" style="Default" rotation="0" justify="" flipped="False" hidden="True" data="https://product.tdk.com/info/en/catalog/datasheets/mlcc_commercial_midvoltage_en.pdf" />
    <text name="Description" originx="0" originy="0" style="Default" rotation="0" justify="" flipped="False" hidden="True" data="TDK 0805 C 3.3uF Ceramic Multilayer Capacitor, 50 V dc, +85C, X5R Dielectric, +/-10%" />
    <text name="Manufacturer_Name" originx="0" originy="0" style="Default" rotation="0" justify="" flipped="False" hidden="True" data="TDK" />
    <text name="Manufacturer_Part_Number" originx="350" originy="150" style="Default" rotation="0" justify="left" flipped="False" hidden="False" data="C2012X5R1H335K125AB" />
    <text name="Mouser Part Number" originx="0" originy="0" style="Default" rotation="0" justify="" flipped="False" hidden="True" data="810-C2012X5R1H335K" />
    <text name="Mouser Price/Stock" originx="0" originy="0" style="Default" rotation="0" justify="" flipped="False" hidden="True" data="https://www.mouser.co.uk/ProductDetail/TDK/C2012X5R1H335K125AB?qs=LcTL%2F5vFEzFqsg2k63py9g%3D%3D" />
    <text name="Arrow Part Number" originx="0" originy="0" style="Default" rotation="0" justify="" flipped="False" hidden="True" data="C2012X5R1H335K125AB" />
    <text name="Arrow Price/Stock" originx="0" originy="0" style="Default" rotation="0" justify="" flipped="False" hidden="True" data="https://www.arrow.com/en/products/c2012x5r1h335k125ab/tdk?region=nac" />
  </component>
</quadcept_library>
