<?xml version="1.0" encoding="utf-8"?>
<!--/19940958/1717324/2.50/2/3/Inductor/-->
<quadcept_library>
  <setting unit="mil" />
  <textstyle name="Default" height="47.244094488189" strokewidth="7.8740157480315" charwidth="47.244094488189" />
  <textstyle name="Dimension" height="19.6850393700787" strokewidth="0" charwidth="19.6850393700787" />
  <textstyle name="H127W0635TH00762" height="50" strokewidth="3" charwidth="25" />
  <textstyle name="H15W15TH02" height="59.0551181102362" strokewidth="7.8740157480315" charwidth="59.0551181102362" />
  <padstyle name="r410_410" surface="True" plated="False" isvia="False" nopaste="False" nomask="True" complex="False" holesize="0">
    <padshape layer="TOP" shape="rectangle" width="161.41732283464" height="161.41732283464" />
    <padshape layer="TOP_SOLDER_MASK" shape="rectangle" width="169.29133858268" height="169.29133858268" />
    <padshape layer="TOP_SOLDER_PASTE" shape="rectangle" width="161.41732283464" height="161.41732283464" />
  </padstyle>
  <footprint name="APH1040T100M" originx="0" originy="0" pickpointx="0" pickpointy="0">
    <pcbpin number="1" name="1" style="r410_410" originx="-187.00787401575" originy="0" rotation="0" />
    <pcbpin number="2" name="2" style="r410_410" originx="187.00787401575" originy="0" rotation="0" />
    <line layer="TOP_ASSEMBLY" originx="-216.53543307086" originy="196.85039370078" endx="216.53543307086" endy="196.85039370078" width="3.9370078740157" />
    <line layer="TOP_ASSEMBLY" originx="216.53543307086" originy="196.85039370078" endx="216.53543307086" endy="-196.85039370078" width="3.9370078740157" />
    <line layer="TOP_ASSEMBLY" originx="216.53543307086" originy="-196.85039370078" endx="-216.53543307086" endy="-196.85039370078" width="3.9370078740157" />
    <line layer="TOP_ASSEMBLY" originx="-216.53543307086" originy="-196.85039370078" endx="-216.53543307086" endy="196.85039370078" width="3.9370078740157" />
    <line layer="TOP_PLACE_BOUND" originx="-307.08661417322" originy="236.22047244094" endx="307.08661417322" endy="236.22047244094" width="3.9370078740157" />
    <line layer="TOP_PLACE_BOUND" originx="307.08661417322" originy="236.22047244094" endx="307.08661417322" endy="-236.22047244094" width="3.9370078740157" />
    <line layer="TOP_PLACE_BOUND" originx="307.08661417322" originy="-236.22047244094" endx="-307.08661417322" endy="-236.22047244094" width="3.9370078740157" />
    <line layer="TOP_PLACE_BOUND" originx="-307.08661417322" originy="-236.22047244094" endx="-307.08661417322" endy="236.22047244094" width="3.9370078740157" />
    <line layer="TOP_SILKSCREEN" originx="-216.53543307086" originy="94.488188976377" endx="-216.53543307086" endy="196.85039370078" width="7.8740157480314" />
    <line layer="TOP_SILKSCREEN" originx="-216.53543307086" originy="196.85039370078" endx="216.53543307086" endy="196.85039370078" width="7.8740157480314" />
    <line layer="TOP_SILKSCREEN" originx="216.53543307086" originy="196.85039370078" endx="216.53543307086" endy="94.488188976377" width="7.8740157480314" />
    <line layer="TOP_SILKSCREEN" originx="-216.53543307086" originy="-94.488188976377" endx="-216.53543307086" endy="-196.85039370078" width="7.8740157480314" />
    <line layer="TOP_SILKSCREEN" originx="-216.53543307086" originy="-196.85039370078" endx="216.53543307086" endy="-196.85039370078" width="7.8740157480314" />
    <line layer="TOP_SILKSCREEN" originx="216.53543307086" originy="-196.85039370078" endx="216.53543307086" endy="-94.488188976377" width="7.8740157480314" />
    <line layer="TOP_SILKSCREEN" originx="-283.46456692913" originy="0" endx="-283.46456692913" endy="0" width="3.9370078740157" />
    <arc layer="TOP_SILKSCREEN" originx="-285.43307086614" originy="0" startangle=".0" sweepangle="180.0" radius="1.9685039370079" width="3.9370078740157" />
    <line layer="TOP_SILKSCREEN" originx="-287.40157480315" originy="0" endx="-287.40157480315" endy="0" width="3.9370078740157" />
    <arc layer="TOP_SILKSCREEN" originx="-285.43307086614" originy="0" startangle="-180.0" sweepangle="180.0" radius="1.9685039370079" width="3.9370078740157" />
  </footprint>
  <symbol name="APH1040T100M" originx="0" originy="0">
    <arc originx="250" originy="-2" startangle="177.7" sweepangle="-175.4" radius="50" width="0" />
    <arc originx="350" originy="-2" startangle="177.7" sweepangle="-175.4" radius="50" width="0" />
    <arc originx="450" originy="-2" startangle="177.7" sweepangle="-175.4" radius="50" width="0" />
    <arc originx="550" originy="-2" startangle="177.7" sweepangle="-175.4" radius="50" width="0" />
    <sympin number="1" originx="200" originy="0" rotation="180" length="100" width="7.8740157480315" flipped="False">
      <text name="pinname" originx="0" originy="-10" style="Default" rotation="0" justify="upperleft" flipped="False" hidden="True" data="1" />
      <text name="pindes" originx="0" originy="10" style="Default" rotation="0" justify="lowerleft" flipped="False" hidden="False" data="1" />
    </sympin>
    <sympin number="2" originx="600" originy="0" rotation="0" length="100" width="7.8740157480315" flipped="False">
      <text name="pinname" originx="800" originy="-10" style="Default" rotation="0" justify="upperright" flipped="False" hidden="True" data="2" />
      <text name="pindes" originx="800" originy="10" style="Default" rotation="0" justify="lowerright" flipped="False" hidden="False" data="2" />
    </sympin>
  </symbol>
  <component name="APH1040T100M" designatorprefix="L" height="157.48031496063" footprint="APH1040T100M">
    <comppin designator="1" sympin="1" pinswap="0" gateswap="0" gate="1" group="1" side="" type="Any" name="1" />
    <comppin designator="2" sympin="2" pinswap="0" gateswap="0" gate="1" group="1" side="" type="Any" name="2" />
    <attached_symbol gate="1" name="APH1040T100M" />
    <pinmap designator="1" footprintpin="1" />
    <pinmap designator="2" footprintpin="2" />
    <text name="Datasheet" originx="0" originy="0" style="Default" rotation="0" justify="" flipped="False" hidden="True" data="https://www.lcsc.com/datasheet/lcsc_datasheet_2301121209_APV-APH0530T1R5M_C5349678.pdf" />
    <text name="Description" originx="0" originy="0" style="Default" rotation="0" justify="" flipped="False" hidden="True" data="7.04A 10uH Molding Choke 20% 7.06A SMD,11x10mm Power Inductors ROHS" />
    <text name="Manufacturer_Name" originx="0" originy="0" style="Default" rotation="0" justify="" flipped="False" hidden="True" data="APV" />
    <text name="Manufacturer_Part_Number" originx="650" originy="150" style="Default" rotation="0" justify="left" flipped="False" hidden="False" data="APH1040T100M" />
    <text name="Mouser Part Number" originx="0" originy="0" style="Default" rotation="0" justify="" flipped="False" hidden="True" data="" />
    <text name="Mouser Price/Stock" originx="0" originy="0" style="Default" rotation="0" justify="" flipped="False" hidden="True" data="" />
    <text name="Arrow Part Number" originx="0" originy="0" style="Default" rotation="0" justify="" flipped="False" hidden="True" data="" />
    <text name="Arrow Price/Stock" originx="0" originy="0" style="Default" rotation="0" justify="" flipped="False" hidden="True" data="" />
  </component>
</quadcept_library>
