<?xml version="1.0" encoding="utf-8"?>
<!--/17195310/1717324/2.50/69/3/Integrated Circuit/-->
<quadcept_library>
  <setting unit="mil" />
  <textstyle name="Default" height="47.244094488189" strokewidth="7.8740157480315" charwidth="47.244094488189" />
  <textstyle name="Dimension" height="19.6850393700787" strokewidth="0" charwidth="19.6850393700787" />
  <textstyle name="H127W0635TH00762" height="50" strokewidth="3" charwidth="25" />
  <textstyle name="H15W15TH02" height="59.0551181102362" strokewidth="7.8740157480315" charwidth="59.0551181102362" />
  <padstyle name="r85_20" surface="True" plated="False" isvia="False" nopaste="False" nomask="True" complex="False" holesize="0">
    <padshape layer="TOP" shape="rectangle" width="7.8740157480314" height="33.464566929133" />
    <padshape layer="TOP_SOLDER_PASTE" shape="rectangle" width="7.8740157480314" height="33.464566929133" />
    <padshape layer="TOP_SOLDER_MASK" shape="rectangle" width="15.748031496063" height="41.338582677165" />
  </padstyle>
  <padstyle name="r580_580" surface="True" plated="False" isvia="False" nopaste="False" nomask="True" complex="False" holesize="0">
    <padshape layer="TOP" shape="rectangle" width="228.34645669291" height="228.34645669291" />
    <padshape layer="TOP_SOLDER_MASK" shape="rectangle" width="236.22047244094" height="236.22047244094" />
    <padshape layer="TOP_SOLDER_PASTE" shape="rectangle" width="228.34645669291" height="228.34645669291" />
  </padstyle>
  <footprint name="QFN40P800X800X100-69N" originx="0" originy="0" pickpointx="0" pickpointy="0">
    <pcbpin number="1" name="1" style="r85_20" originx="-155.51181102362" originy="125.9842519685" rotation="90" />
    <pcbpin number="2" name="2" style="r85_20" originx="-155.51181102362" originy="110.23622047244" rotation="90" />
    <pcbpin number="3" name="3" style="r85_20" originx="-155.51181102362" originy="94.488188976377" rotation="90" />
    <pcbpin number="4" name="4" style="r85_20" originx="-155.51181102362" originy="78.740157480314" rotation="90" />
    <pcbpin number="5" name="5" style="r85_20" originx="-155.51181102362" originy="62.992125984251" rotation="90" />
    <pcbpin number="6" name="6" style="r85_20" originx="-155.51181102362" originy="47.244094488188" rotation="90" />
    <pcbpin number="7" name="7" style="r85_20" originx="-155.51181102362" originy="31.496062992126" rotation="90" />
    <pcbpin number="8" name="8" style="r85_20" originx="-155.51181102362" originy="15.748031496063" rotation="90" />
    <pcbpin number="9" name="9" style="r85_20" originx="-155.51181102362" originy="0" rotation="90" />
    <pcbpin number="10" name="10" style="r85_20" originx="-155.51181102362" originy="-15.748031496063" rotation="90" />
    <pcbpin number="11" name="11" style="r85_20" originx="-155.51181102362" originy="-31.496062992126" rotation="90" />
    <pcbpin number="12" name="12" style="r85_20" originx="-155.51181102362" originy="-47.244094488188" rotation="90" />
    <pcbpin number="13" name="13" style="r85_20" originx="-155.51181102362" originy="-62.992125984251" rotation="90" />
    <pcbpin number="14" name="14" style="r85_20" originx="-155.51181102362" originy="-78.740157480314" rotation="90" />
    <pcbpin number="15" name="15" style="r85_20" originx="-155.51181102362" originy="-94.488188976377" rotation="90" />
    <pcbpin number="16" name="16" style="r85_20" originx="-155.51181102362" originy="-110.23622047244" rotation="90" />
    <pcbpin number="17" name="17" style="r85_20" originx="-155.51181102362" originy="-125.9842519685" rotation="90" />
    <pcbpin number="18" name="18" style="r85_20" originx="-125.9842519685" originy="-155.51181102362" rotation="0" />
    <pcbpin number="19" name="19" style="r85_20" originx="-110.23622047244" originy="-155.51181102362" rotation="0" />
    <pcbpin number="20" name="20" style="r85_20" originx="-94.488188976377" originy="-155.51181102362" rotation="0" />
    <pcbpin number="21" name="21" style="r85_20" originx="-78.740157480314" originy="-155.51181102362" rotation="0" />
    <pcbpin number="22" name="22" style="r85_20" originx="-62.992125984251" originy="-155.51181102362" rotation="0" />
    <pcbpin number="23" name="23" style="r85_20" originx="-47.244094488188" originy="-155.51181102362" rotation="0" />
    <pcbpin number="24" name="24" style="r85_20" originx="-31.496062992126" originy="-155.51181102362" rotation="0" />
    <pcbpin number="25" name="25" style="r85_20" originx="-15.748031496063" originy="-155.51181102362" rotation="0" />
    <pcbpin number="26" name="26" style="r85_20" originx="0" originy="-155.51181102362" rotation="0" />
    <pcbpin number="27" name="27" style="r85_20" originx="15.748031496063" originy="-155.51181102362" rotation="0" />
    <pcbpin number="28" name="28" style="r85_20" originx="31.496062992126" originy="-155.51181102362" rotation="0" />
    <pcbpin number="29" name="29" style="r85_20" originx="47.244094488188" originy="-155.51181102362" rotation="0" />
    <pcbpin number="30" name="30" style="r85_20" originx="62.992125984251" originy="-155.51181102362" rotation="0" />
    <pcbpin number="31" name="31" style="r85_20" originx="78.740157480314" originy="-155.51181102362" rotation="0" />
    <pcbpin number="32" name="32" style="r85_20" originx="94.488188976377" originy="-155.51181102362" rotation="0" />
    <pcbpin number="33" name="33" style="r85_20" originx="110.23622047244" originy="-155.51181102362" rotation="0" />
    <pcbpin number="34" name="34" style="r85_20" originx="125.9842519685" originy="-155.51181102362" rotation="0" />
    <pcbpin number="35" name="35" style="r85_20" originx="155.51181102362" originy="-125.9842519685" rotation="90" />
    <pcbpin number="36" name="36" style="r85_20" originx="155.51181102362" originy="-110.23622047244" rotation="90" />
    <pcbpin number="37" name="37" style="r85_20" originx="155.51181102362" originy="-94.488188976377" rotation="90" />
    <pcbpin number="38" name="38" style="r85_20" originx="155.51181102362" originy="-78.740157480314" rotation="90" />
    <pcbpin number="39" name="39" style="r85_20" originx="155.51181102362" originy="-62.992125984251" rotation="90" />
    <pcbpin number="40" name="40" style="r85_20" originx="155.51181102362" originy="-47.244094488188" rotation="90" />
    <pcbpin number="41" name="41" style="r85_20" originx="155.51181102362" originy="-31.496062992126" rotation="90" />
    <pcbpin number="42" name="42" style="r85_20" originx="155.51181102362" originy="-15.748031496063" rotation="90" />
    <pcbpin number="43" name="43" style="r85_20" originx="155.51181102362" originy="0" rotation="90" />
    <pcbpin number="44" name="44" style="r85_20" originx="155.51181102362" originy="15.748031496063" rotation="90" />
    <pcbpin number="45" name="45" style="r85_20" originx="155.51181102362" originy="31.496062992126" rotation="90" />
    <pcbpin number="46" name="46" style="r85_20" originx="155.51181102362" originy="47.244094488188" rotation="90" />
    <pcbpin number="47" name="47" style="r85_20" originx="155.51181102362" originy="62.992125984251" rotation="90" />
    <pcbpin number="48" name="48" style="r85_20" originx="155.51181102362" originy="78.740157480314" rotation="90" />
    <pcbpin number="49" name="49" style="r85_20" originx="155.51181102362" originy="94.488188976377" rotation="90" />
    <pcbpin number="50" name="50" style="r85_20" originx="155.51181102362" originy="110.23622047244" rotation="90" />
    <pcbpin number="51" name="51" style="r85_20" originx="155.51181102362" originy="125.9842519685" rotation="90" />
    <pcbpin number="52" name="52" style="r85_20" originx="125.9842519685" originy="155.51181102362" rotation="0" />
    <pcbpin number="53" name="53" style="r85_20" originx="110.23622047244" originy="155.51181102362" rotation="0" />
    <pcbpin number="54" name="54" style="r85_20" originx="94.488188976377" originy="155.51181102362" rotation="0" />
    <pcbpin number="55" name="55" style="r85_20" originx="78.740157480314" originy="155.51181102362" rotation="0" />
    <pcbpin number="56" name="56" style="r85_20" originx="62.992125984251" originy="155.51181102362" rotation="0" />
    <pcbpin number="57" name="57" style="r85_20" originx="47.244094488188" originy="155.51181102362" rotation="0" />
    <pcbpin number="58" name="58" style="r85_20" originx="31.496062992126" originy="155.51181102362" rotation="0" />
    <pcbpin number="59" name="59" style="r85_20" originx="15.748031496063" originy="155.51181102362" rotation="0" />
    <pcbpin number="60" name="60" style="r85_20" originx="0" originy="155.51181102362" rotation="0" />
    <pcbpin number="61" name="61" style="r85_20" originx="-15.748031496063" originy="155.51181102362" rotation="0" />
    <pcbpin number="62" name="62" style="r85_20" originx="-31.496062992126" originy="155.51181102362" rotation="0" />
    <pcbpin number="63" name="63" style="r85_20" originx="-47.244094488188" originy="155.51181102362" rotation="0" />
    <pcbpin number="64" name="64" style="r85_20" originx="-62.992125984251" originy="155.51181102362" rotation="0" />
    <pcbpin number="65" name="65" style="r85_20" originx="-78.740157480314" originy="155.51181102362" rotation="0" />
    <pcbpin number="66" name="66" style="r85_20" originx="-94.488188976377" originy="155.51181102362" rotation="0" />
    <pcbpin number="67" name="67" style="r85_20" originx="-110.23622047244" originy="155.51181102362" rotation="0" />
    <pcbpin number="68" name="68" style="r85_20" originx="-125.9842519685" originy="155.51181102362" rotation="0" />
    <pcbpin number="69" name="69" style="r580_580" originx="0" originy="0" rotation="0" />
    <line layer="TOP_PLACE_BOUND" originx="-182.08661417323" originy="182.08661417323" endx="182.08661417323" endy="182.08661417323" width="1.9685039370079" />
    <line layer="TOP_PLACE_BOUND" originx="182.08661417323" originy="182.08661417323" endx="182.08661417323" endy="-182.08661417323" width="1.9685039370079" />
    <line layer="TOP_PLACE_BOUND" originx="182.08661417323" originy="-182.08661417323" endx="-182.08661417323" endy="-182.08661417323" width="1.9685039370079" />
    <line layer="TOP_PLACE_BOUND" originx="-182.08661417323" originy="-182.08661417323" endx="-182.08661417323" endy="182.08661417323" width="1.9685039370079" />
    <line layer="TOP_ASSEMBLY" originx="-157.48031496063" originy="157.48031496063" endx="157.48031496063" endy="157.48031496063" width="3.9370078740157" />
    <line layer="TOP_ASSEMBLY" originx="157.48031496063" originy="157.48031496063" endx="157.48031496063" endy="-157.48031496063" width="3.9370078740157" />
    <line layer="TOP_ASSEMBLY" originx="157.48031496063" originy="-157.48031496063" endx="-157.48031496063" endy="-157.48031496063" width="3.9370078740157" />
    <line layer="TOP_ASSEMBLY" originx="-157.48031496063" originy="-157.48031496063" endx="-157.48031496063" endy="157.48031496063" width="3.9370078740157" />
    <line layer="TOP_ASSEMBLY" originx="-157.48031496063" originy="141.73228346457" endx="-141.73228346457" endy="157.48031496063" width="3.9370078740157" />
    <arc layer="TOP_SILKSCREEN" originx="-172.24409448819" originy="149.6062992126" startangle="180" sweepangle="180" radius="3.9370078740157" width="7.8740157480314" />
    <arc layer="TOP_SILKSCREEN" originx="-172.24409448819" originy="149.6062992126" startangle="180" sweepangle="-180" radius="3.9370078740157" width="7.8740157480314" />
  </footprint>
  <symbol name="CY8C5868LTI-LP039" originx="0" originy="0">
    <line originx="200" originy="1900" endx="3800" endy="1900" width="0" />
    <line originx="3800" originy="-3300" endx="3800" endy="1900" width="0" />
    <line originx="3800" originy="-3300" endx="200" endy="-3300" width="0" />
    <line originx="200" originy="1900" endx="200" endy="-3300" width="0" />
    <sympin number="1" originx="200" originy="0" rotation="180" length="100" width="7.8740157480315" flipped="False">
      <text name="pinname" originx="230" originy="0" style="Default" rotation="0" justify="left" flipped="False" hidden="False" data="(TRACEDATA[2]_GPIO)_P2[6]" />
      <text name="pindes" originx="140" originy="20" style="Default" rotation="0" justify="lowerright" flipped="False" hidden="False" data="1" />
    </sympin>
    <sympin number="2" originx="200" originy="-100" rotation="180" length="100" width="7.8740157480315" flipped="False">
      <text name="pinname" originx="230" originy="-100" style="Default" rotation="0" justify="left" flipped="False" hidden="False" data="(TRACEDATA[3]_GPIO)_P2[7]" />
      <text name="pindes" originx="140" originy="-80" style="Default" rotation="0" justify="lowerright" flipped="False" hidden="False" data="2" />
    </sympin>
    <sympin number="3" originx="200" originy="-200" rotation="180" length="100" width="7.8740157480315" flipped="False">
      <text name="pinname" originx="230" originy="-200" style="Default" rotation="0" justify="left" flipped="False" hidden="False" data="(I2C0:_SCL_SIO)_P12[4]" />
      <text name="pindes" originx="140" originy="-180" style="Default" rotation="0" justify="lowerright" flipped="False" hidden="False" data="3" />
    </sympin>
    <sympin number="4" originx="200" originy="-300" rotation="180" length="100" width="7.8740157480315" flipped="False">
      <text name="pinname" originx="230" originy="-300" style="Default" rotation="0" justify="left" flipped="False" hidden="False" data="(I2C0:_SDA_SIO)_P12[5]" />
      <text name="pindes" originx="140" originy="-280" style="Default" rotation="0" justify="lowerright" flipped="False" hidden="False" data="4" />
    </sympin>
    <sympin number="5" originx="200" originy="-400" rotation="180" length="100" width="7.8740157480315" flipped="False">
      <text name="pinname" originx="230" originy="-400" style="Default" rotation="0" justify="left" flipped="False" hidden="False" data="VSSB" />
      <text name="pindes" originx="140" originy="-380" style="Default" rotation="0" justify="lowerright" flipped="False" hidden="False" data="5" />
    </sympin>
    <sympin number="6" originx="200" originy="-500" rotation="180" length="100" width="7.8740157480315" flipped="False">
      <text name="pinname" originx="230" originy="-500" style="Default" rotation="0" justify="left" flipped="False" hidden="False" data="IND" />
      <text name="pindes" originx="140" originy="-480" style="Default" rotation="0" justify="lowerright" flipped="False" hidden="False" data="6" />
    </sympin>
    <sympin number="7" originx="200" originy="-600" rotation="180" length="100" width="7.8740157480315" flipped="False">
      <text name="pinname" originx="230" originy="-600" style="Default" rotation="0" justify="left" flipped="False" hidden="False" data="VBOOST" />
      <text name="pindes" originx="140" originy="-580" style="Default" rotation="0" justify="lowerright" flipped="False" hidden="False" data="7" />
    </sympin>
    <sympin number="8" originx="200" originy="-700" rotation="180" length="100" width="7.8740157480315" flipped="False">
      <text name="pinname" originx="230" originy="-700" style="Default" rotation="0" justify="left" flipped="False" hidden="False" data="VBAT" />
      <text name="pindes" originx="140" originy="-680" style="Default" rotation="0" justify="lowerright" flipped="False" hidden="False" data="8" />
    </sympin>
    <sympin number="9" originx="200" originy="-800" rotation="180" length="100" width="7.8740157480315" flipped="False">
      <text name="pinname" originx="230" originy="-800" style="Default" rotation="0" justify="left" flipped="False" hidden="False" data="VSSD_1" />
      <text name="pindes" originx="140" originy="-780" style="Default" rotation="0" justify="lowerright" flipped="False" hidden="False" data="9" />
    </sympin>
    <sympin number="10" originx="200" originy="-900" rotation="180" length="100" width="7.8740157480315" flipped="False">
      <text name="pinname" originx="230" originy="-900" style="Default" rotation="0" justify="left" flipped="False" hidden="False" data="\XRES" />
      <text name="pindes" originx="140" originy="-880" style="Default" rotation="0" justify="lowerright" flipped="False" hidden="False" data="10" />
    </sympin>
    <sympin number="11" originx="200" originy="-1000" rotation="180" length="100" width="7.8740157480315" flipped="False">
      <text name="pinname" originx="230" originy="-1000" style="Default" rotation="0" justify="left" flipped="False" hidden="False" data="(TMS_SWDIO_GPIO)_P1[0]" />
      <text name="pindes" originx="140" originy="-980" style="Default" rotation="0" justify="lowerright" flipped="False" hidden="False" data="11" />
    </sympin>
    <sympin number="12" originx="200" originy="-1100" rotation="180" length="100" width="7.8740157480315" flipped="False">
      <text name="pinname" originx="230" originy="-1100" style="Default" rotation="0" justify="left" flipped="False" hidden="False" data="(TCK_SWDCK_GPIO)_P1[1]" />
      <text name="pindes" originx="140" originy="-1080" style="Default" rotation="0" justify="lowerright" flipped="False" hidden="False" data="12" />
    </sympin>
    <sympin number="13" originx="200" originy="-1200" rotation="180" length="100" width="7.8740157480315" flipped="False">
      <text name="pinname" originx="230" originy="-1200" style="Default" rotation="0" justify="left" flipped="False" hidden="False" data="(CONFIGURABLE_\XRES_GPIO)_P1[2]" />
      <text name="pindes" originx="140" originy="-1180" style="Default" rotation="0" justify="lowerright" flipped="False" hidden="False" data="13" />
    </sympin>
    <sympin number="14" originx="200" originy="-1300" rotation="180" length="100" width="7.8740157480315" flipped="False">
      <text name="pinname" originx="230" originy="-1300" style="Default" rotation="0" justify="left" flipped="False" hidden="False" data="(TDO_SWV_GPIO)_P1[3]" />
      <text name="pindes" originx="140" originy="-1280" style="Default" rotation="0" justify="lowerright" flipped="False" hidden="False" data="14" />
    </sympin>
    <sympin number="15" originx="200" originy="-1400" rotation="180" length="100" width="7.8740157480315" flipped="False">
      <text name="pinname" originx="230" originy="-1400" style="Default" rotation="0" justify="left" flipped="False" hidden="False" data="(TDI_GPIO)_P1[4]" />
      <text name="pindes" originx="140" originy="-1380" style="Default" rotation="0" justify="lowerright" flipped="False" hidden="False" data="15" />
    </sympin>
    <sympin number="16" originx="200" originy="-1500" rotation="180" length="100" width="7.8740157480315" flipped="False">
      <text name="pinname" originx="230" originy="-1500" style="Default" rotation="0" justify="left" flipped="False" hidden="False" data="(NTRST_GPIO)_P1[5]" />
      <text name="pindes" originx="140" originy="-1480" style="Default" rotation="0" justify="lowerright" flipped="False" hidden="False" data="16" />
    </sympin>
    <sympin number="17" originx="200" originy="-1600" rotation="180" length="100" width="7.8740157480315" flipped="False">
      <text name="pinname" originx="230" originy="-1600" style="Default" rotation="0" justify="left" flipped="False" hidden="False" data="VDDIO1" />
      <text name="pindes" originx="140" originy="-1580" style="Default" rotation="0" justify="lowerright" flipped="False" hidden="False" data="17" />
    </sympin>
    <sympin number="18" originx="1200" originy="-3300" rotation="270" length="100" width="7.8740157480315" flipped="False">
      <text name="pinname" originx="1200" originy="-3270" style="Default" rotation="0" justify="left" flipped="False" hidden="False" data="(GPIO)_P1[6]" />
      <text name="pindes" originx="1180" originy="-3360" style="Default" rotation="0" justify="lowerright" flipped="False" hidden="False" data="18" />
    </sympin>
    <sympin number="19" originx="1300" originy="-3300" rotation="270" length="100" width="7.8740157480315" flipped="False">
      <text name="pinname" originx="1300" originy="-3270" style="Default" rotation="0" justify="left" flipped="False" hidden="False" data="(GPIO)_P1[7]" />
      <text name="pindes" originx="1280" originy="-3360" style="Default" rotation="0" justify="lowerright" flipped="False" hidden="False" data="19" />
    </sympin>
    <sympin number="20" originx="1400" originy="-3300" rotation="270" length="100" width="7.8740157480315" flipped="False">
      <text name="pinname" originx="1400" originy="-3270" style="Default" rotation="0" justify="left" flipped="False" hidden="False" data="(SIO)_P12[6]" />
      <text name="pindes" originx="1380" originy="-3360" style="Default" rotation="0" justify="lowerright" flipped="False" hidden="False" data="20" />
    </sympin>
    <sympin number="21" originx="1500" originy="-3300" rotation="270" length="100" width="7.8740157480315" flipped="False">
      <text name="pinname" originx="1500" originy="-3270" style="Default" rotation="0" justify="left" flipped="False" hidden="False" data="(SIO)_P12[7]" />
      <text name="pindes" originx="1480" originy="-3360" style="Default" rotation="0" justify="lowerright" flipped="False" hidden="False" data="21" />
    </sympin>
    <sympin number="22" originx="1600" originy="-3300" rotation="270" length="100" width="7.8740157480315" flipped="False">
      <text name="pinname" originx="1600" originy="-3270" style="Default" rotation="0" justify="left" flipped="False" hidden="False" data="(USBIO_D+_SWDIO)_P15[6]" />
      <text name="pindes" originx="1580" originy="-3360" style="Default" rotation="0" justify="lowerright" flipped="False" hidden="False" data="22" />
    </sympin>
    <sympin number="23" originx="1700" originy="-3300" rotation="270" length="100" width="7.8740157480315" flipped="False">
      <text name="pinname" originx="1700" originy="-3270" style="Default" rotation="0" justify="left" flipped="False" hidden="False" data="(USBIO_D-_SWDCK)_P15[7]" />
      <text name="pindes" originx="1680" originy="-3360" style="Default" rotation="0" justify="lowerright" flipped="False" hidden="False" data="23" />
    </sympin>
    <sympin number="24" originx="1800" originy="-3300" rotation="270" length="100" width="7.8740157480315" flipped="False">
      <text name="pinname" originx="1800" originy="-3270" style="Default" rotation="0" justify="left" flipped="False" hidden="False" data="VDDD_1" />
      <text name="pindes" originx="1780" originy="-3360" style="Default" rotation="0" justify="lowerright" flipped="False" hidden="False" data="24" />
    </sympin>
    <sympin number="25" originx="1900" originy="-3300" rotation="270" length="100" width="7.8740157480315" flipped="False">
      <text name="pinname" originx="1900" originy="-3270" style="Default" rotation="0" justify="left" flipped="False" hidden="False" data="VSSD_2" />
      <text name="pindes" originx="1880" originy="-3360" style="Default" rotation="0" justify="lowerright" flipped="False" hidden="False" data="25" />
    </sympin>
    <sympin number="26" originx="2000" originy="-3300" rotation="270" length="100" width="7.8740157480315" flipped="False">
      <text name="pinname" originx="2000" originy="-3270" style="Default" rotation="0" justify="left" flipped="False" hidden="False" data="VCCD_1" />
      <text name="pindes" originx="1980" originy="-3360" style="Default" rotation="0" justify="lowerright" flipped="False" hidden="False" data="26" />
    </sympin>
    <sympin number="27" originx="2100" originy="-3300" rotation="270" length="100" width="7.8740157480315" flipped="False">
      <text name="pinname" originx="2100" originy="-3270" style="Default" rotation="0" justify="left" flipped="False" hidden="False" data="(MHZ_XTAL:_XO_GPIO)_P15[0]" />
      <text name="pindes" originx="2080" originy="-3360" style="Default" rotation="0" justify="lowerright" flipped="False" hidden="False" data="27" />
    </sympin>
    <sympin number="28" originx="2200" originy="-3300" rotation="270" length="100" width="7.8740157480315" flipped="False">
      <text name="pinname" originx="2200" originy="-3270" style="Default" rotation="0" justify="left" flipped="False" hidden="False" data="(MHZ_XTAL:_XI_GPIO)_P15[1]" />
      <text name="pindes" originx="2180" originy="-3360" style="Default" rotation="0" justify="lowerright" flipped="False" hidden="False" data="28" />
    </sympin>
    <sympin number="29" originx="2300" originy="-3300" rotation="270" length="100" width="7.8740157480315" flipped="False">
      <text name="pinname" originx="2300" originy="-3270" style="Default" rotation="0" justify="left" flipped="False" hidden="False" data="(IDAC1_GPIO)_P3[0]" />
      <text name="pindes" originx="2280" originy="-3360" style="Default" rotation="0" justify="lowerright" flipped="False" hidden="False" data="29" />
    </sympin>
    <sympin number="30" originx="2400" originy="-3300" rotation="270" length="100" width="7.8740157480315" flipped="False">
      <text name="pinname" originx="2400" originy="-3270" style="Default" rotation="0" justify="left" flipped="False" hidden="False" data="(IDAC3_GPIO)_P3[1]" />
      <text name="pindes" originx="2380" originy="-3360" style="Default" rotation="0" justify="lowerright" flipped="False" hidden="False" data="30" />
    </sympin>
    <sympin number="31" originx="2500" originy="-3300" rotation="270" length="100" width="7.8740157480315" flipped="False">
      <text name="pinname" originx="2500" originy="-3270" style="Default" rotation="0" justify="left" flipped="False" hidden="False" data="(OPAMP3-_EXTREF1_GPIO)_P3[2]" />
      <text name="pindes" originx="2480" originy="-3360" style="Default" rotation="0" justify="lowerright" flipped="False" hidden="False" data="31" />
    </sympin>
    <sympin number="32" originx="2600" originy="-3300" rotation="270" length="100" width="7.8740157480315" flipped="False">
      <text name="pinname" originx="2600" originy="-3270" style="Default" rotation="0" justify="left" flipped="False" hidden="False" data="(OPAMP3+_GPIO)_P3[3]" />
      <text name="pindes" originx="2580" originy="-3360" style="Default" rotation="0" justify="lowerright" flipped="False" hidden="False" data="32" />
    </sympin>
    <sympin number="33" originx="2700" originy="-3300" rotation="270" length="100" width="7.8740157480315" flipped="False">
      <text name="pinname" originx="2700" originy="-3270" style="Default" rotation="0" justify="left" flipped="False" hidden="False" data="(OPAMP1-_GPIO)_P3[4]" />
      <text name="pindes" originx="2680" originy="-3360" style="Default" rotation="0" justify="lowerright" flipped="False" hidden="False" data="33" />
    </sympin>
    <sympin number="34" originx="2800" originy="-3300" rotation="270" length="100" width="7.8740157480315" flipped="False">
      <text name="pinname" originx="2800" originy="-3270" style="Default" rotation="0" justify="left" flipped="False" hidden="False" data="(OPAMP1+_GPIO)_P3[5]" />
      <text name="pindes" originx="2780" originy="-3360" style="Default" rotation="0" justify="lowerright" flipped="False" hidden="False" data="34" />
    </sympin>
    <sympin number="51" originx="3800" originy="0" rotation="0" length="100" width="7.8740157480315" flipped="False">
      <text name="pinname" originx="3770" originy="0" style="Default" rotation="0" justify="right" flipped="False" hidden="False" data="P0[3]_(GPIO_OPAMP0-_EXTREF0)" />
      <text name="pindes" originx="3860" originy="20" style="Default" rotation="0" justify="lowerleft" flipped="False" hidden="False" data="51" />
    </sympin>
    <sympin number="50" originx="3800" originy="-100" rotation="0" length="100" width="7.8740157480315" flipped="False">
      <text name="pinname" originx="3770" originy="-100" style="Default" rotation="0" justify="right" flipped="False" hidden="False" data="P0[2]_(GPIO_OPAMP0+_SAR1_EXTREF)" />
      <text name="pindes" originx="3860" originy="-80" style="Default" rotation="0" justify="lowerleft" flipped="False" hidden="False" data="50" />
    </sympin>
    <sympin number="49" originx="3800" originy="-200" rotation="0" length="100" width="7.8740157480315" flipped="False">
      <text name="pinname" originx="3770" originy="-200" style="Default" rotation="0" justify="right" flipped="False" hidden="False" data="P0[1]_(GPIO_OPAMP0OUT)" />
      <text name="pindes" originx="3860" originy="-180" style="Default" rotation="0" justify="lowerleft" flipped="False" hidden="False" data="49" />
    </sympin>
    <sympin number="48" originx="3800" originy="-300" rotation="0" length="100" width="7.8740157480315" flipped="False">
      <text name="pinname" originx="3770" originy="-300" style="Default" rotation="0" justify="right" flipped="False" hidden="False" data="P0[0]_(GPIO_OPAMP2OUT)" />
      <text name="pindes" originx="3860" originy="-280" style="Default" rotation="0" justify="lowerleft" flipped="False" hidden="False" data="48" />
    </sympin>
    <sympin number="47" originx="3800" originy="-400" rotation="0" length="100" width="7.8740157480315" flipped="False">
      <text name="pinname" originx="3770" originy="-400" style="Default" rotation="0" justify="right" flipped="False" hidden="False" data="P12[3]_(SIO)" />
      <text name="pindes" originx="3860" originy="-380" style="Default" rotation="0" justify="lowerleft" flipped="False" hidden="False" data="47" />
    </sympin>
    <sympin number="46" originx="3800" originy="-500" rotation="0" length="100" width="7.8740157480315" flipped="False">
      <text name="pinname" originx="3770" originy="-500" style="Default" rotation="0" justify="right" flipped="False" hidden="False" data="P12[2]_(SIO)" />
      <text name="pindes" originx="3860" originy="-480" style="Default" rotation="0" justify="lowerleft" flipped="False" hidden="False" data="46" />
    </sympin>
    <sympin number="45" originx="3800" originy="-600" rotation="0" length="100" width="7.8740157480315" flipped="False">
      <text name="pinname" originx="3770" originy="-600" style="Default" rotation="0" justify="right" flipped="False" hidden="False" data="VSSD_3" />
      <text name="pindes" originx="3860" originy="-580" style="Default" rotation="0" justify="lowerleft" flipped="False" hidden="False" data="45" />
    </sympin>
    <sympin number="44" originx="3800" originy="-700" rotation="0" length="100" width="7.8740157480315" flipped="False">
      <text name="pinname" originx="3770" originy="-700" style="Default" rotation="0" justify="right" flipped="False" hidden="False" data="VDDA" />
      <text name="pindes" originx="3860" originy="-680" style="Default" rotation="0" justify="lowerleft" flipped="False" hidden="False" data="44" />
    </sympin>
    <sympin number="43" originx="3800" originy="-800" rotation="0" length="100" width="7.8740157480315" flipped="False">
      <text name="pinname" originx="3770" originy="-800" style="Default" rotation="0" justify="right" flipped="False" hidden="False" data="VSSA" />
      <text name="pindes" originx="3860" originy="-780" style="Default" rotation="0" justify="lowerleft" flipped="False" hidden="False" data="43" />
    </sympin>
    <sympin number="42" originx="3800" originy="-900" rotation="0" length="100" width="7.8740157480315" flipped="False">
      <text name="pinname" originx="3770" originy="-900" style="Default" rotation="0" justify="right" flipped="False" hidden="False" data="VCCA" />
      <text name="pindes" originx="3860" originy="-880" style="Default" rotation="0" justify="lowerleft" flipped="False" hidden="False" data="42" />
    </sympin>
    <sympin number="41" originx="3800" originy="-1000" rotation="0" length="100" width="7.8740157480315" flipped="False">
      <text name="pinname" originx="3770" originy="-1000" style="Default" rotation="0" justify="right" flipped="False" hidden="False" data="P15[3]_(GPIO_KHZ_XTAL:_XI)" />
      <text name="pindes" originx="3860" originy="-980" style="Default" rotation="0" justify="lowerleft" flipped="False" hidden="False" data="41" />
    </sympin>
    <sympin number="40" originx="3800" originy="-1100" rotation="0" length="100" width="7.8740157480315" flipped="False">
      <text name="pinname" originx="3770" originy="-1100" style="Default" rotation="0" justify="right" flipped="False" hidden="False" data="P15[2]_(GPIO_KHZ_XTAL:_XO)" />
      <text name="pindes" originx="3860" originy="-1080" style="Default" rotation="0" justify="lowerleft" flipped="False" hidden="False" data="40" />
    </sympin>
    <sympin number="39" originx="3800" originy="-1200" rotation="0" length="100" width="7.8740157480315" flipped="False">
      <text name="pinname" originx="3770" originy="-1200" style="Default" rotation="0" justify="right" flipped="False" hidden="False" data="P12[1]_(SIO_I2C1:_SDA)" />
      <text name="pindes" originx="3860" originy="-1180" style="Default" rotation="0" justify="lowerleft" flipped="False" hidden="False" data="39" />
    </sympin>
    <sympin number="38" originx="3800" originy="-1300" rotation="0" length="100" width="7.8740157480315" flipped="False">
      <text name="pinname" originx="3770" originy="-1300" style="Default" rotation="0" justify="right" flipped="False" hidden="False" data="P12[0]_(SIO_12C1:_SCL)" />
      <text name="pindes" originx="3860" originy="-1280" style="Default" rotation="0" justify="lowerleft" flipped="False" hidden="False" data="38" />
    </sympin>
    <sympin number="37" originx="3800" originy="-1400" rotation="0" length="100" width="7.8740157480315" flipped="False">
      <text name="pinname" originx="3770" originy="-1400" style="Default" rotation="0" justify="right" flipped="False" hidden="False" data="P3[7]_(GPIO_OPAMP3OUT)" />
      <text name="pindes" originx="3860" originy="-1380" style="Default" rotation="0" justify="lowerleft" flipped="False" hidden="False" data="37" />
    </sympin>
    <sympin number="36" originx="3800" originy="-1500" rotation="0" length="100" width="7.8740157480315" flipped="False">
      <text name="pinname" originx="3770" originy="-1500" style="Default" rotation="0" justify="right" flipped="False" hidden="False" data="P3[6]_(GPIO_OPAMP1OUT)" />
      <text name="pindes" originx="3860" originy="-1480" style="Default" rotation="0" justify="lowerleft" flipped="False" hidden="False" data="36" />
    </sympin>
    <sympin number="35" originx="3800" originy="-1600" rotation="0" length="100" width="7.8740157480315" flipped="False">
      <text name="pinname" originx="3770" originy="-1600" style="Default" rotation="0" justify="right" flipped="False" hidden="False" data="VDDIO3" />
      <text name="pindes" originx="3860" originy="-1580" style="Default" rotation="0" justify="lowerleft" flipped="False" hidden="False" data="35" />
    </sympin>
    <sympin number="69" originx="1100" originy="1900" rotation="90" length="100" width="7.8740157480315" flipped="False">
      <text name="pinname" originx="1100" originy="1870" style="Default" rotation="0" justify="right" flipped="False" hidden="False" data="EP" />
      <text name="pindes" originx="1080" originy="1960" style="Default" rotation="0" justify="lowerleft" flipped="False" hidden="False" data="69" />
    </sympin>
    <sympin number="68" originx="1200" originy="1900" rotation="90" length="100" width="7.8740157480315" flipped="False">
      <text name="pinname" originx="1200" originy="1870" style="Default" rotation="0" justify="right" flipped="False" hidden="False" data="P2[5]_(GPIO_TRACEDATA[1])" />
      <text name="pindes" originx="1180" originy="1960" style="Default" rotation="0" justify="lowerleft" flipped="False" hidden="False" data="68" />
    </sympin>
    <sympin number="67" originx="1300" originy="1900" rotation="90" length="100" width="7.8740157480315" flipped="False">
      <text name="pinname" originx="1300" originy="1870" style="Default" rotation="0" justify="right" flipped="False" hidden="False" data="VDDIO2" />
      <text name="pindes" originx="1280" originy="1960" style="Default" rotation="0" justify="lowerleft" flipped="False" hidden="False" data="67" />
    </sympin>
    <sympin number="66" originx="1400" originy="1900" rotation="90" length="100" width="7.8740157480315" flipped="False">
      <text name="pinname" originx="1400" originy="1870" style="Default" rotation="0" justify="right" flipped="False" hidden="False" data="P2[4]_(GPIO_TRACEDATA[0])" />
      <text name="pindes" originx="1380" originy="1960" style="Default" rotation="0" justify="lowerleft" flipped="False" hidden="False" data="66" />
    </sympin>
    <sympin number="65" originx="1500" originy="1900" rotation="90" length="100" width="7.8740157480315" flipped="False">
      <text name="pinname" originx="1500" originy="1870" style="Default" rotation="0" justify="right" flipped="False" hidden="False" data="P2[3]_(GPIO_TRACECLK)" />
      <text name="pindes" originx="1480" originy="1960" style="Default" rotation="0" justify="lowerleft" flipped="False" hidden="False" data="65" />
    </sympin>
    <sympin number="64" originx="1600" originy="1900" rotation="90" length="100" width="7.8740157480315" flipped="False">
      <text name="pinname" originx="1600" originy="1870" style="Default" rotation="0" justify="right" flipped="False" hidden="False" data="P2[2]_(GPIO)" />
      <text name="pindes" originx="1580" originy="1960" style="Default" rotation="0" justify="lowerleft" flipped="False" hidden="False" data="64" />
    </sympin>
    <sympin number="63" originx="1700" originy="1900" rotation="90" length="100" width="7.8740157480315" flipped="False">
      <text name="pinname" originx="1700" originy="1870" style="Default" rotation="0" justify="right" flipped="False" hidden="False" data="P2[1]_(GPIO)" />
      <text name="pindes" originx="1680" originy="1960" style="Default" rotation="0" justify="lowerleft" flipped="False" hidden="False" data="63" />
    </sympin>
    <sympin number="62" originx="1800" originy="1900" rotation="90" length="100" width="7.8740157480315" flipped="False">
      <text name="pinname" originx="1800" originy="1870" style="Default" rotation="0" justify="right" flipped="False" hidden="False" data="P2[0]_(GPIO)" />
      <text name="pindes" originx="1780" originy="1960" style="Default" rotation="0" justify="lowerleft" flipped="False" hidden="False" data="62" />
    </sympin>
    <sympin number="61" originx="1900" originy="1900" rotation="90" length="100" width="7.8740157480315" flipped="False">
      <text name="pinname" originx="1900" originy="1870" style="Default" rotation="0" justify="right" flipped="False" hidden="False" data="P15[5]_(GPOI)" />
      <text name="pindes" originx="1880" originy="1960" style="Default" rotation="0" justify="lowerleft" flipped="False" hidden="False" data="61" />
    </sympin>
    <sympin number="60" originx="2000" originy="1900" rotation="90" length="100" width="7.8740157480315" flipped="False">
      <text name="pinname" originx="2000" originy="1870" style="Default" rotation="0" justify="right" flipped="False" hidden="False" data="P15[4]_(GPIO)" />
      <text name="pindes" originx="1980" originy="1960" style="Default" rotation="0" justify="lowerleft" flipped="False" hidden="False" data="60" />
    </sympin>
    <sympin number="59" originx="2100" originy="1900" rotation="90" length="100" width="7.8740157480315" flipped="False">
      <text name="pinname" originx="2100" originy="1870" style="Default" rotation="0" justify="right" flipped="False" hidden="False" data="VDDD_2" />
      <text name="pindes" originx="2080" originy="1960" style="Default" rotation="0" justify="lowerleft" flipped="False" hidden="False" data="59" />
    </sympin>
    <sympin number="58" originx="2200" originy="1900" rotation="90" length="100" width="7.8740157480315" flipped="False">
      <text name="pinname" originx="2200" originy="1870" style="Default" rotation="0" justify="right" flipped="False" hidden="False" data="VSSD_4" />
      <text name="pindes" originx="2180" originy="1960" style="Default" rotation="0" justify="lowerleft" flipped="False" hidden="False" data="58" />
    </sympin>
    <sympin number="57" originx="2300" originy="1900" rotation="90" length="100" width="7.8740157480315" flipped="False">
      <text name="pinname" originx="2300" originy="1870" style="Default" rotation="0" justify="right" flipped="False" hidden="False" data="VCCD_2" />
      <text name="pindes" originx="2280" originy="1960" style="Default" rotation="0" justify="lowerleft" flipped="False" hidden="False" data="57" />
    </sympin>
    <sympin number="56" originx="2400" originy="1900" rotation="90" length="100" width="7.8740157480315" flipped="False">
      <text name="pinname" originx="2400" originy="1870" style="Default" rotation="0" justify="right" flipped="False" hidden="False" data="P0[7]_(GPIO_IDAC2)" />
      <text name="pindes" originx="2380" originy="1960" style="Default" rotation="0" justify="lowerleft" flipped="False" hidden="False" data="56" />
    </sympin>
    <sympin number="55" originx="2500" originy="1900" rotation="90" length="100" width="7.8740157480315" flipped="False">
      <text name="pinname" originx="2500" originy="1870" style="Default" rotation="0" justify="right" flipped="False" hidden="False" data="P0[6]_(GPIO_IDAC0)" />
      <text name="pindes" originx="2480" originy="1960" style="Default" rotation="0" justify="lowerleft" flipped="False" hidden="False" data="55" />
    </sympin>
    <sympin number="54" originx="2600" originy="1900" rotation="90" length="100" width="7.8740157480315" flipped="False">
      <text name="pinname" originx="2600" originy="1870" style="Default" rotation="0" justify="right" flipped="False" hidden="False" data="P0[5]_(GPIO_OPAMP2-)" />
      <text name="pindes" originx="2580" originy="1960" style="Default" rotation="0" justify="lowerleft" flipped="False" hidden="False" data="54" />
    </sympin>
    <sympin number="53" originx="2700" originy="1900" rotation="90" length="100" width="7.8740157480315" flipped="False">
      <text name="pinname" originx="2700" originy="1870" style="Default" rotation="0" justify="right" flipped="False" hidden="False" data="P0[4]_(GPIO_OPAMP2+_SAR0_EXTREF)" />
      <text name="pindes" originx="2680" originy="1960" style="Default" rotation="0" justify="lowerleft" flipped="False" hidden="False" data="53" />
    </sympin>
    <sympin number="52" originx="2800" originy="1900" rotation="90" length="100" width="7.8740157480315" flipped="False">
      <text name="pinname" originx="2800" originy="1870" style="Default" rotation="0" justify="right" flipped="False" hidden="False" data="VDDIO0" />
      <text name="pindes" originx="2780" originy="1960" style="Default" rotation="0" justify="lowerleft" flipped="False" hidden="False" data="52" />
    </sympin>
  </symbol>
  <component name="CY8C5868LTI-LP039" designatorprefix="IC" height="39.370078740157" footprint="QFN40P800X800X100-69N">
    <comppin designator="1" sympin="1" pinswap="0" gateswap="0" gate="1" group="1" side="" type="Any" name="(TRACEDATA[2],_GPIO)_P2[6]" />
    <comppin designator="2" sympin="2" pinswap="0" gateswap="0" gate="1" group="1" side="" type="Any" name="(TRACEDATA[3],_GPIO)_P2[7]" />
    <comppin designator="3" sympin="3" pinswap="0" gateswap="0" gate="1" group="1" side="" type="Any" name="(I2C0:_SCL,_SIO)_P12[4]" />
    <comppin designator="4" sympin="4" pinswap="0" gateswap="0" gate="1" group="1" side="" type="Any" name="(I2C0:_SDA,_SIO)_P12[5]" />
    <comppin designator="5" sympin="5" pinswap="0" gateswap="0" gate="1" group="1" side="" type="Any" name="VSSB" />
    <comppin designator="6" sympin="6" pinswap="0" gateswap="0" gate="1" group="1" side="" type="Any" name="IND" />
    <comppin designator="7" sympin="7" pinswap="0" gateswap="0" gate="1" group="1" side="" type="Any" name="VBOOST" />
    <comppin designator="8" sympin="8" pinswap="0" gateswap="0" gate="1" group="1" side="" type="Any" name="VBAT" />
    <comppin designator="9" sympin="9" pinswap="0" gateswap="0" gate="1" group="1" side="" type="Any" name="VSSD_1" />
    <comppin designator="10" sympin="10" pinswap="0" gateswap="0" gate="1" group="1" side="" type="Any" name="|XRES" />
    <comppin designator="11" sympin="11" pinswap="0" gateswap="0" gate="1" group="1" side="" type="Any" name="(TMS,_SWDIO,_GPIO)_P1[0]" />
    <comppin designator="12" sympin="12" pinswap="0" gateswap="0" gate="1" group="1" side="" type="Any" name="(TCK,_SWDCK,_GPIO)_P1[1]" />
    <comppin designator="13" sympin="13" pinswap="0" gateswap="0" gate="1" group="1" side="" type="Any" name="(CONFIGURABLE_|XRES,_GPIO)_P1[2]" />
    <comppin designator="14" sympin="14" pinswap="0" gateswap="0" gate="1" group="1" side="" type="Any" name="(TDO,_SWV,_GPIO)_P1[3]" />
    <comppin designator="15" sympin="15" pinswap="0" gateswap="0" gate="1" group="1" side="" type="Any" name="(TDI,_GPIO)_P1[4]" />
    <comppin designator="16" sympin="16" pinswap="0" gateswap="0" gate="1" group="1" side="" type="Any" name="(NTRST,_GPIO)_P1[5]" />
    <comppin designator="17" sympin="17" pinswap="0" gateswap="0" gate="1" group="1" side="" type="Any" name="VDDIO1" />
    <comppin designator="18" sympin="18" pinswap="0" gateswap="0" gate="1" group="1" side="" type="Any" name="(GPIO)_P1[6]" />
    <comppin designator="19" sympin="19" pinswap="0" gateswap="0" gate="1" group="1" side="" type="Any" name="(GPIO)_P1[7]" />
    <comppin designator="20" sympin="20" pinswap="0" gateswap="0" gate="1" group="1" side="" type="Any" name="(SIO)_P12[6]" />
    <comppin designator="21" sympin="21" pinswap="0" gateswap="0" gate="1" group="1" side="" type="Any" name="(SIO)_P12[7]" />
    <comppin designator="22" sympin="22" pinswap="0" gateswap="0" gate="1" group="1" side="" type="Any" name="(USBIO,_D+,_SWDIO)_P15[6]" />
    <comppin designator="23" sympin="23" pinswap="0" gateswap="0" gate="1" group="1" side="" type="Any" name="(USBIO,_D-,_SWDCK)_P15[7]" />
    <comppin designator="24" sympin="24" pinswap="0" gateswap="0" gate="1" group="1" side="" type="Any" name="VDDD_1" />
    <comppin designator="25" sympin="25" pinswap="0" gateswap="0" gate="1" group="1" side="" type="Any" name="VSSD_2" />
    <comppin designator="26" sympin="26" pinswap="0" gateswap="0" gate="1" group="1" side="" type="Any" name="VCCD_1" />
    <comppin designator="27" sympin="27" pinswap="0" gateswap="0" gate="1" group="1" side="" type="Any" name="(MHZ_XTAL:_XO,_GPIO)_P15[0]" />
    <comppin designator="28" sympin="28" pinswap="0" gateswap="0" gate="1" group="1" side="" type="Any" name="(MHZ_XTAL:_XI,_GPIO)_P15[1]" />
    <comppin designator="29" sympin="29" pinswap="0" gateswap="0" gate="1" group="1" side="" type="Any" name="(IDAC1,_GPIO)_P3[0]" />
    <comppin designator="30" sympin="30" pinswap="0" gateswap="0" gate="1" group="1" side="" type="Any" name="(IDAC3,_GPIO)_P3[1]" />
    <comppin designator="31" sympin="31" pinswap="0" gateswap="0" gate="1" group="1" side="" type="Any" name="(OPAMP3-,_EXTREF1,_GPIO)_P3[2]" />
    <comppin designator="32" sympin="32" pinswap="0" gateswap="0" gate="1" group="1" side="" type="Any" name="(OPAMP3+,_GPIO)_P3[3]" />
    <comppin designator="33" sympin="33" pinswap="0" gateswap="0" gate="1" group="1" side="" type="Any" name="(OPAMP1-,_GPIO)_P3[4]" />
    <comppin designator="34" sympin="34" pinswap="0" gateswap="0" gate="1" group="1" side="" type="Any" name="(OPAMP1+,_GPIO)_P3[5]" />
    <comppin designator="35" sympin="35" pinswap="0" gateswap="0" gate="1" group="1" side="" type="Any" name="VDDIO3" />
    <comppin designator="36" sympin="36" pinswap="0" gateswap="0" gate="1" group="1" side="" type="Any" name="P3[6]_(GPIO,_OPAMP1OUT)" />
    <comppin designator="37" sympin="37" pinswap="0" gateswap="0" gate="1" group="1" side="" type="Any" name="P3[7]_(GPIO,_OPAMP3OUT)" />
    <comppin designator="38" sympin="38" pinswap="0" gateswap="0" gate="1" group="1" side="" type="Any" name="P12[0]_(SIO,_12C1:_SCL)" />
    <comppin designator="39" sympin="39" pinswap="0" gateswap="0" gate="1" group="1" side="" type="Any" name="P12[1]_(SIO,_I2C1:_SDA)" />
    <comppin designator="40" sympin="40" pinswap="0" gateswap="0" gate="1" group="1" side="" type="Any" name="P15[2]_(GPIO,_KHZ_XTAL:_XO)" />
    <comppin designator="41" sympin="41" pinswap="0" gateswap="0" gate="1" group="1" side="" type="Any" name="P15[3]_(GPIO,_KHZ_XTAL:_XI)" />
    <comppin designator="42" sympin="42" pinswap="0" gateswap="0" gate="1" group="1" side="" type="Any" name="VCCA" />
    <comppin designator="43" sympin="43" pinswap="0" gateswap="0" gate="1" group="1" side="" type="Any" name="VSSA" />
    <comppin designator="44" sympin="44" pinswap="0" gateswap="0" gate="1" group="1" side="" type="Any" name="VDDA" />
    <comppin designator="45" sympin="45" pinswap="0" gateswap="0" gate="1" group="1" side="" type="Any" name="VSSD_3" />
    <comppin designator="46" sympin="46" pinswap="0" gateswap="0" gate="1" group="1" side="" type="Any" name="P12[2]_(SIO)" />
    <comppin designator="47" sympin="47" pinswap="0" gateswap="0" gate="1" group="1" side="" type="Any" name="P12[3]_(SIO)" />
    <comppin designator="48" sympin="48" pinswap="0" gateswap="0" gate="1" group="1" side="" type="Any" name="P0[0]_(GPIO,_OPAMP2OUT)" />
    <comppin designator="49" sympin="49" pinswap="0" gateswap="0" gate="1" group="1" side="" type="Any" name="P0[1]_(GPIO,_OPAMP0OUT)" />
    <comppin designator="50" sympin="50" pinswap="0" gateswap="0" gate="1" group="1" side="" type="Any" name="P0[2]_(GPIO,_OPAMP0+,_SAR1_EXTREF)" />
    <comppin designator="51" sympin="51" pinswap="0" gateswap="0" gate="1" group="1" side="" type="Any" name="P0[3]_(GPIO,_OPAMP0-,_EXTREF0)" />
    <comppin designator="52" sympin="52" pinswap="0" gateswap="0" gate="1" group="1" side="" type="Any" name="VDDIO0" />
    <comppin designator="53" sympin="53" pinswap="0" gateswap="0" gate="1" group="1" side="" type="Any" name="P0[4]_(GPIO,_OPAMP2+,_SAR0_EXTREF)" />
    <comppin designator="54" sympin="54" pinswap="0" gateswap="0" gate="1" group="1" side="" type="Any" name="P0[5]_(GPIO,_OPAMP2-)" />
    <comppin designator="55" sympin="55" pinswap="0" gateswap="0" gate="1" group="1" side="" type="Any" name="P0[6]_(GPIO,_IDAC0)" />
    <comppin designator="56" sympin="56" pinswap="0" gateswap="0" gate="1" group="1" side="" type="Any" name="P0[7]_(GPIO,_IDAC2)" />
    <comppin designator="57" sympin="57" pinswap="0" gateswap="0" gate="1" group="1" side="" type="Any" name="VCCD_2" />
    <comppin designator="58" sympin="58" pinswap="0" gateswap="0" gate="1" group="1" side="" type="Any" name="VSSD_4" />
    <comppin designator="59" sympin="59" pinswap="0" gateswap="0" gate="1" group="1" side="" type="Any" name="VDDD_2" />
    <comppin designator="60" sympin="60" pinswap="0" gateswap="0" gate="1" group="1" side="" type="Any" name="P15[4]_(GPIO)" />
    <comppin designator="61" sympin="61" pinswap="0" gateswap="0" gate="1" group="1" side="" type="Any" name="P15[5]_(GPOI)" />
    <comppin designator="62" sympin="62" pinswap="0" gateswap="0" gate="1" group="1" side="" type="Any" name="P2[0]_(GPIO)" />
    <comppin designator="63" sympin="63" pinswap="0" gateswap="0" gate="1" group="1" side="" type="Any" name="P2[1]_(GPIO)" />
    <comppin designator="64" sympin="64" pinswap="0" gateswap="0" gate="1" group="1" side="" type="Any" name="P2[2]_(GPIO)" />
    <comppin designator="65" sympin="65" pinswap="0" gateswap="0" gate="1" group="1" side="" type="Any" name="P2[3]_(GPIO,_TRACECLK)" />
    <comppin designator="66" sympin="66" pinswap="0" gateswap="0" gate="1" group="1" side="" type="Any" name="P2[4]_(GPIO,_TRACEDATA[0])" />
    <comppin designator="67" sympin="67" pinswap="0" gateswap="0" gate="1" group="1" side="" type="Any" name="VDDIO2" />
    <comppin designator="68" sympin="68" pinswap="0" gateswap="0" gate="1" group="1" side="" type="Any" name="P2[5]_(GPIO,_TRACEDATA[1])" />
    <comppin designator="69" sympin="69" pinswap="0" gateswap="0" gate="1" group="1" side="" type="Any" name="EP" />
    <attached_symbol gate="1" name="CY8C5868LTI-LP039" />
    <pinmap designator="1" footprintpin="1" />
    <pinmap designator="2" footprintpin="2" />
    <pinmap designator="3" footprintpin="3" />
    <pinmap designator="4" footprintpin="4" />
    <pinmap designator="5" footprintpin="5" />
    <pinmap designator="6" footprintpin="6" />
    <pinmap designator="7" footprintpin="7" />
    <pinmap designator="8" footprintpin="8" />
    <pinmap designator="9" footprintpin="9" />
    <pinmap designator="10" footprintpin="10" />
    <pinmap designator="11" footprintpin="11" />
    <pinmap designator="12" footprintpin="12" />
    <pinmap designator="13" footprintpin="13" />
    <pinmap designator="14" footprintpin="14" />
    <pinmap designator="15" footprintpin="15" />
    <pinmap designator="16" footprintpin="16" />
    <pinmap designator="17" footprintpin="17" />
    <pinmap designator="18" footprintpin="18" />
    <pinmap designator="19" footprintpin="19" />
    <pinmap designator="20" footprintpin="20" />
    <pinmap designator="21" footprintpin="21" />
    <pinmap designator="22" footprintpin="22" />
    <pinmap designator="23" footprintpin="23" />
    <pinmap designator="24" footprintpin="24" />
    <pinmap designator="25" footprintpin="25" />
    <pinmap designator="26" footprintpin="26" />
    <pinmap designator="27" footprintpin="27" />
    <pinmap designator="28" footprintpin="28" />
    <pinmap designator="29" footprintpin="29" />
    <pinmap designator="30" footprintpin="30" />
    <pinmap designator="31" footprintpin="31" />
    <pinmap designator="32" footprintpin="32" />
    <pinmap designator="33" footprintpin="33" />
    <pinmap designator="34" footprintpin="34" />
    <pinmap designator="35" footprintpin="35" />
    <pinmap designator="36" footprintpin="36" />
    <pinmap designator="37" footprintpin="37" />
    <pinmap designator="38" footprintpin="38" />
    <pinmap designator="39" footprintpin="39" />
    <pinmap designator="40" footprintpin="40" />
    <pinmap designator="41" footprintpin="41" />
    <pinmap designator="42" footprintpin="42" />
    <pinmap designator="43" footprintpin="43" />
    <pinmap designator="44" footprintpin="44" />
    <pinmap designator="45" footprintpin="45" />
    <pinmap designator="46" footprintpin="46" />
    <pinmap designator="47" footprintpin="47" />
    <pinmap designator="48" footprintpin="48" />
    <pinmap designator="49" footprintpin="49" />
    <pinmap designator="50" footprintpin="50" />
    <pinmap designator="51" footprintpin="51" />
    <pinmap designator="52" footprintpin="52" />
    <pinmap designator="53" footprintpin="53" />
    <pinmap designator="54" footprintpin="54" />
    <pinmap designator="55" footprintpin="55" />
    <pinmap designator="56" footprintpin="56" />
    <pinmap designator="57" footprintpin="57" />
    <pinmap designator="58" footprintpin="58" />
    <pinmap designator="59" footprintpin="59" />
    <pinmap designator="60" footprintpin="60" />
    <pinmap designator="61" footprintpin="61" />
    <pinmap designator="62" footprintpin="62" />
    <pinmap designator="63" footprintpin="63" />
    <pinmap designator="64" footprintpin="64" />
    <pinmap designator="65" footprintpin="65" />
    <pinmap designator="66" footprintpin="66" />
    <pinmap designator="67" footprintpin="67" />
    <pinmap designator="68" footprintpin="68" />
    <pinmap designator="69" footprintpin="69" />
    <text name="Datasheet" originx="0" originy="0" style="Default" rotation="0" justify="" flipped="False" hidden="True" data="https://www.infineon.com/dgdl/Infineon-PSoC_5LP_CY8C58LP_Family_Datasheet_Programmable_System-on-Chip_(PSoC_)-DataSheet-v15_00-EN.pdf?fileId=8ac78c8c7d0d8da4017d0ec547013ab9" />
    <text name="Description" originx="0" originy="0" style="Default" rotation="0" justify="" flipped="False" hidden="True" data="ARM Microcontrollers - MCU 256K Flash 64K SRAM PSoC 5LP" />
    <text name="Manufacturer_Name" originx="0" originy="0" style="Default" rotation="0" justify="" flipped="False" hidden="True" data="Infineon" />
    <text name="Manufacturer_Part_Number" originx="3850" originy="2000" style="Default" rotation="0" justify="left" flipped="False" hidden="False" data="CY8C5868LTI-LP039" />
    <text name="Mouser Part Number" originx="0" originy="0" style="Default" rotation="0" justify="" flipped="False" hidden="True" data="727-CY8C5868LTILP039" />
    <text name="Mouser Price/Stock" originx="0" originy="0" style="Default" rotation="0" justify="" flipped="False" hidden="True" data="https://www.mouser.co.uk/ProductDetail/Infineon-Technologies/CY8C5868LTI-LP039?qs=hC%252B8fpRoqiKQur3BdPWdWw%3D%3D" />
    <text name="Arrow Part Number" originx="0" originy="0" style="Default" rotation="0" justify="" flipped="False" hidden="True" data="CY8C5868LTI-LP039" />
    <text name="Arrow Price/Stock" originx="0" originy="0" style="Default" rotation="0" justify="" flipped="False" hidden="True" data="https://www.arrow.com/en/products/cy8c5868lti-lp039/infineon-technologies-ag?utm_currency=USD&amp;region=nac" />
  </component>
</quadcept_library>
