<?xml version="1.0" encoding="utf-8"?>
<!--/1912094/1717324/2.50/2/2/Diode ESD (Uni-directional)/-->
<quadcept_library>
  <setting unit="mil" />
  <textstyle name="Default" height="47.244094488189" strokewidth="7.8740157480315" charwidth="47.244094488189" />
  <textstyle name="Dimension" height="19.6850393700787" strokewidth="0" charwidth="19.6850393700787" />
  <textstyle name="H127W0635TH00762" height="50" strokewidth="3" charwidth="25" />
  <textstyle name="H15W15TH02" height="59.0551181102362" strokewidth="7.8740157480315" charwidth="59.0551181102362" />
  <padstyle name="r80_60" surface="True" plated="False" isvia="False" nopaste="False" nomask="True" complex="False" holesize="0">
    <padshape layer="TOP" shape="rectangle" width="23.622047244094" height="31.496062992126" />
    <padshape layer="TOP_SOLDER_MASK" shape="rectangle" width="31.496062992126" height="39.370078740157" />
    <padshape layer="TOP_SOLDER_PASTE" shape="rectangle" width="23.622047244094" height="31.496062992126" />
  </padstyle>
  <footprint name="ESD5V0D5TP" originx="0" originy="0" pickpointx="0" pickpointy="0">
    <pcbpin number="1" name="1" style="r80_60" originx="-33.464566929133" originy="0" rotation="0" />
    <pcbpin number="2" name="2" style="r80_60" originx="33.464566929133" originy="0" rotation="0" />
    <line layer="TOP_ASSEMBLY" originx="-23.622047244094" originy="15.748031496063" endx="23.622047244094" endy="15.748031496063" width="3.9370078740157" />
    <line layer="TOP_ASSEMBLY" originx="23.622047244094" originy="15.748031496063" endx="23.622047244094" endy="-15.748031496063" width="3.9370078740157" />
    <line layer="TOP_ASSEMBLY" originx="23.622047244094" originy="-15.748031496063" endx="-23.622047244094" endy="-15.748031496063" width="3.9370078740157" />
    <line layer="TOP_ASSEMBLY" originx="-23.622047244094" originy="-15.748031496063" endx="-23.622047244094" endy="15.748031496063" width="3.9370078740157" />
    <line layer="TOP_PLACE_BOUND" originx="-84.645669291338" originy="55.11811023622" endx="84.645669291338" endy="55.11811023622" width="3.9370078740157" />
    <line layer="TOP_PLACE_BOUND" originx="84.645669291338" originy="55.11811023622" endx="84.645669291338" endy="-55.11811023622" width="3.9370078740157" />
    <line layer="TOP_PLACE_BOUND" originx="84.645669291338" originy="-55.11811023622" endx="-84.645669291338" endy="-55.11811023622" width="3.9370078740157" />
    <line layer="TOP_PLACE_BOUND" originx="-84.645669291338" originy="-55.11811023622" endx="-84.645669291338" endy="55.11811023622" width="3.9370078740157" />
    <line layer="TOP_SILKSCREEN" originx="-7.8740157480314" originy="15.748031496063" endx="7.8740157480314" endy="15.748031496063" width="7.8740157480314" />
    <line layer="TOP_SILKSCREEN" originx="-7.8740157480314" originy="-15.748031496063" endx="7.8740157480314" endy="-15.748031496063" width="7.8740157480314" />
    <line layer="TOP_SILKSCREEN" originx="-62.992125984251" originy="0" endx="-62.992125984251" endy="0" width="3.9370078740157" />
    <arc layer="TOP_SILKSCREEN" originx="-61.023622047243" originy="0" startangle="-180.0" sweepangle="180.0" radius="1.9685039370079" width="3.9370078740157" />
    <line layer="TOP_SILKSCREEN" originx="-59.055118110235" originy="0" endx="-59.055118110235" endy="0" width="3.9370078740157" />
    <arc layer="TOP_SILKSCREEN" originx="-61.023622047243" originy="0" startangle=".0" sweepangle="180.0" radius="1.9685039370079" width="3.9370078740157" />
  </footprint>
  <symbol name="ESD5V0D5-TP" originx="0" originy="0">
    <line originx="200" originy="0" endx="400" endy="100" width="0" />
    <line originx="400" originy="-100" endx="400" endy="100" width="0" />
    <line originx="400" originy="-100" endx="200" endy="0" width="0" />
    <line originx="200" originy="100" endx="200" endy="-100" width="0" />
    <line originx="100" originy="0" endx="200" endy="0" width="0" />
    <line originx="500" originy="0" endx="400" endy="0" width="0" />
    <line originx="200" originy="-100" endx="260" endy="-100" width="0" />
    <sympin number="1" originx="100" originy="0" rotation="180" length="100" width="7.8740157480315" flipped="False">
      <text name="pinname" originx="140" originy="10" style="Default" rotation="0" justify="left" flipped="False" hidden="True" data="K" />
      <text name="pindes" originx="60" originy="10" style="Default" rotation="0" justify="lowerright" flipped="False" hidden="False" data="1" />
    </sympin>
    <sympin number="2" originx="500" originy="0" rotation="0" length="100" width="7.8740157480315" flipped="False">
      <text name="pinname" originx="460" originy="10" style="Default" rotation="0" justify="right" flipped="False" hidden="True" data="A" />
      <text name="pindes" originx="540" originy="10" style="Default" rotation="0" justify="lowerleft" flipped="False" hidden="False" data="2" />
    </sympin>
  </symbol>
  <component name="ESD5V0D5-TP" designatorprefix="D" height="25.590551181102" footprint="ESD5V0D5TP">
    <comppin designator="1" sympin="1" pinswap="0" gateswap="0" gate="1" group="1" side="" type="Any" name="K" />
    <comppin designator="2" sympin="2" pinswap="0" gateswap="0" gate="1" group="1" side="" type="Any" name="A" />
    <attached_symbol gate="1" name="ESD5V0D5-TP" />
    <pinmap designator="1" footprintpin="1" />
    <pinmap designator="2" footprintpin="2" />
    <text name="Datasheet" originx="0" originy="0" style="Default" rotation="0" justify="" flipped="False" hidden="True" data="https://mccsemi.com/pdf/Products/ESD3V3D5~ESD12VD5(SOD-523).pdf" />
    <text name="Description" originx="0" originy="0" style="Default" rotation="0" justify="" flipped="False" hidden="True" data="18.6V Clamp 11.6A (8/20s) Ipp Tvs Diode Surface Mount SOD-523" />
    <text name="Manufacturer_Name" originx="0" originy="0" style="Default" rotation="0" justify="" flipped="False" hidden="True" data="MCC" />
    <text name="Manufacturer_Part_Number" originx="400" originy="250" style="Default" rotation="0" justify="left" flipped="False" hidden="False" data="ESD5V0D5-TP" />
    <text name="Mouser Part Number" originx="0" originy="0" style="Default" rotation="0" justify="" flipped="False" hidden="True" data="833-ESD5V0D5-TP" />
    <text name="Mouser Price/Stock" originx="0" originy="0" style="Default" rotation="0" justify="" flipped="False" hidden="True" data="https://www.mouser.co.uk/ProductDetail/Micro-Commercial-Components-MCC/ESD5V0D5-TP?qs=6W4OQKoqJ0uiyYGOynr3QQ%3D%3D" />
    <text name="Arrow Part Number" originx="0" originy="0" style="Default" rotation="0" justify="" flipped="False" hidden="True" data="ESD5V0D5-TP" />
    <text name="Arrow Price/Stock" originx="0" originy="0" style="Default" rotation="0" justify="" flipped="False" hidden="True" data="https://www.arrow.com/en/products/esd5v0d5-tp/micro-commercial-components?utm_currency=USD&amp;region=nac" />
  </component>
</quadcept_library>
