<?xml version="1.0" encoding="utf-8"?>
<!--/816473/1717324/2.50/3/3/TVS Diode (Uni-directional)/-->
<quadcept_library>
  <setting unit="mil" />
  <textstyle name="Default" height="47.244094488189" strokewidth="7.8740157480315" charwidth="47.244094488189" />
  <textstyle name="Dimension" height="19.6850393700787" strokewidth="0" charwidth="19.6850393700787" />
  <textstyle name="H127W0635TH00762" height="50" strokewidth="3" charwidth="25" />
  <textstyle name="H15W15TH02" height="59.0551181102362" strokewidth="7.8740157480315" charwidth="59.0551181102362" />
  <padstyle name="r46.5_38" surface="True" plated="False" isvia="False" nopaste="False" nomask="True" complex="False" holesize="0">
    <padshape layer="TOP" shape="rectangle" width="14.96062992126" height="18.307086614173" />
    <padshape layer="TOP_SOLDER_MASK" shape="rectangle" width="22.834645669291" height="26.181102362204" />
    <padshape layer="TOP_SOLDER_PASTE" shape="rectangle" width="14.96062992126" height="18.307086614173" />
  </padstyle>
  <footprint name="SOTFL40P120X59-3N" originx="0" originy="0" pickpointx="0" pickpointy="0">
    <pcbpin number="1" name="1" style="r46.5_38" originx="-24.881889763779" originy="15.748031496063" rotation="90" />
    <pcbpin number="2" name="2" style="r46.5_38" originx="-24.881889763779" originy="-15.748031496063" rotation="90" />
    <pcbpin number="3" name="3" style="r46.5_38" originx="24.881889763779" originy="0" rotation="90" />
    <line layer="TOP_PLACE_BOUND" originx="-39.960629921259" originy="30.511811023622" endx="39.960629921259" endy="30.511811023622" width="1.9685039370079" />
    <line layer="TOP_PLACE_BOUND" originx="39.960629921259" originy="30.511811023622" endx="39.960629921259" endy="-30.511811023622" width="1.9685039370079" />
    <line layer="TOP_PLACE_BOUND" originx="39.960629921259" originy="-30.511811023622" endx="-39.960629921259" endy="-30.511811023622" width="1.9685039370079" />
    <line layer="TOP_PLACE_BOUND" originx="-39.960629921259" originy="-30.511811023622" endx="-39.960629921259" endy="30.511811023622" width="1.9685039370079" />
    <line layer="TOP_ASSEMBLY" originx="-15.748031496063" originy="23.622047244094" endx="15.748031496063" endy="23.622047244094" width="3.9370078740157" />
    <line layer="TOP_ASSEMBLY" originx="15.748031496063" originy="23.622047244094" endx="15.748031496063" endy="-23.622047244094" width="3.9370078740157" />
    <line layer="TOP_ASSEMBLY" originx="15.748031496063" originy="-23.622047244094" endx="-15.748031496063" endy="-23.622047244094" width="3.9370078740157" />
    <line layer="TOP_ASSEMBLY" originx="-15.748031496063" originy="-23.622047244094" endx="-15.748031496063" endy="23.622047244094" width="3.9370078740157" />
    <line layer="TOP_ASSEMBLY" originx="-15.748031496063" originy="7.8740157480314" endx="0" endy="23.622047244094" width="3.9370078740157" />
    <line layer="TOP_SILKSCREEN" originx="-1.9685039370079" originy="23.622047244094" endx="1.9685039370079" endy="23.622047244094" width="7.8740157480314" />
    <line layer="TOP_SILKSCREEN" originx="1.9685039370079" originy="23.622047244094" endx="1.9685039370079" endy="-23.622047244094" width="7.8740157480314" />
    <line layer="TOP_SILKSCREEN" originx="1.9685039370079" originy="-23.622047244094" endx="-1.9685039370079" endy="-23.622047244094" width="7.8740157480314" />
    <line layer="TOP_SILKSCREEN" originx="-1.9685039370079" originy="-23.622047244094" endx="-1.9685039370079" endy="23.622047244094" width="7.8740157480314" />
    <line layer="TOP_SILKSCREEN" originx="-34.055118110236" originy="33.070866141732" endx="-15.748031496063" endy="33.070866141732" width="7.8740157480314" />
  </footprint>
  <symbol name="ESD5V3U2U03FH6327XTSA1" originx="0" originy="0">
    <line originx="200" originy="100" endx="900" endy="100" width="0" />
    <line originx="900" originy="-200" endx="900" endy="100" width="0" />
    <line originx="900" originy="-200" endx="200" endy="-200" width="0" />
    <line originx="200" originy="100" endx="200" endy="-200" width="0" />
    <sympin number="1" originx="200" originy="0" rotation="180" length="100" width="7.8740157480315" flipped="False">
      <text name="pinname" originx="230" originy="0" style="Default" rotation="0" justify="left" flipped="False" hidden="False" data="A/K_1" />
      <text name="pindes" originx="140" originy="20" style="Default" rotation="0" justify="lowerright" flipped="False" hidden="False" data="1" />
    </sympin>
    <sympin number="2" originx="200" originy="-100" rotation="180" length="100" width="7.8740157480315" flipped="False">
      <text name="pinname" originx="230" originy="-100" style="Default" rotation="0" justify="left" flipped="False" hidden="False" data="A/K_2" />
      <text name="pindes" originx="140" originy="-80" style="Default" rotation="0" justify="lowerright" flipped="False" hidden="False" data="2" />
    </sympin>
    <sympin number="3" originx="900" originy="0" rotation="0" length="100" width="7.8740157480315" flipped="False">
      <text name="pinname" originx="870" originy="0" style="Default" rotation="0" justify="right" flipped="False" hidden="False" data="COM" />
      <text name="pindes" originx="960" originy="20" style="Default" rotation="0" justify="lowerleft" flipped="False" hidden="False" data="3" />
    </sympin>
  </symbol>
  <component name="ESD5V3U2U03FH6327XTSA1" designatorprefix="D" height="23.228346456693" footprint="SOTFL40P120X59-3N">
    <comppin designator="1" sympin="1" pinswap="0" gateswap="0" gate="1" group="1" side="" type="Any" name="A/K_1" />
    <comppin designator="2" sympin="2" pinswap="0" gateswap="0" gate="1" group="1" side="" type="Any" name="A/K_2" />
    <comppin designator="3" sympin="3" pinswap="0" gateswap="0" gate="1" group="1" side="" type="Any" name="COM" />
    <attached_symbol gate="1" name="ESD5V3U2U03FH6327XTSA1" />
    <pinmap designator="1" footprintpin="1" />
    <pinmap designator="2" footprintpin="2" />
    <pinmap designator="3" footprintpin="3" />
    <text name="Datasheet" originx="0" originy="0" style="Default" rotation="0" justify="" flipped="False" hidden="True" data="https://componentsearchengine.com/Datasheets/1/ESD5V3U2U03FH6327XTSA1.pdf" />
    <text name="Description" originx="0" originy="0" style="Default" rotation="0" justify="" flipped="False" hidden="True" data="Uni-directional Ultra Low ESD / Transient Protection Diode." />
    <text name="Manufacturer_Name" originx="0" originy="0" style="Default" rotation="0" justify="" flipped="False" hidden="True" data="Infineon" />
    <text name="Manufacturer_Part_Number" originx="950" originy="200" style="Default" rotation="0" justify="left" flipped="False" hidden="False" data="ESD5V3U2U03FH6327XTSA1" />
    <text name="Mouser Part Number" originx="0" originy="0" style="Default" rotation="0" justify="" flipped="False" hidden="True" data="726-5V3U2U03FH6327XT" />
    <text name="Mouser Price/Stock" originx="0" originy="0" style="Default" rotation="0" justify="" flipped="False" hidden="True" data="https://www.mouser.co.uk/ProductDetail/Infineon-Technologies/ESD5V3U2U03FH6327XTSA1?qs=OwbwYO03UsIO6kWWsxe48A%3D%3D" />
    <text name="Arrow Part Number" originx="0" originy="0" style="Default" rotation="0" justify="" flipped="False" hidden="True" data="ESD5V3U2U03FH6327XTSA1" />
    <text name="Arrow Price/Stock" originx="0" originy="0" style="Default" rotation="0" justify="" flipped="False" hidden="True" data="https://www.arrow.com/en/products/esd5v3u2u03fh6327xtsa1/infineon-technologies-ag?utm_currency=USD&amp;region=nac" />
  </component>
</quadcept_library>
