<?xml version="1.0" encoding="utf-8"?>
<!--/7184262/1717324/2.50/64/2/Integrated Circuit/-->
<quadcept_library>
  <setting unit="mil" />
  <textstyle name="Default" height="47.244094488189" strokewidth="7.8740157480315" charwidth="47.244094488189" />
  <textstyle name="Dimension" height="19.6850393700787" strokewidth="0" charwidth="19.6850393700787" />
  <textstyle name="H127W0635TH00762" height="50" strokewidth="3" charwidth="25" />
  <textstyle name="H15W15TH02" height="59.0551181102362" strokewidth="7.8740157480315" charwidth="59.0551181102362" />
  <padstyle name="r147.5_30" surface="True" plated="False" isvia="False" nopaste="False" nomask="True" complex="False" holesize="0">
    <padshape layer="TOP" shape="rectangle" width="11.811023622047" height="58.070866141732" />
    <padshape layer="TOP_SOLDER_MASK" shape="rectangle" width="19.685039370078" height="65.944881889763" />
    <padshape layer="TOP_SOLDER_PASTE" shape="rectangle" width="11.811023622047" height="58.070866141732" />
  </padstyle>
  <footprint name="QFP50P1200X1200X170-64N" originx="0" originy="0" pickpointx="0" pickpointy="0">
    <pcbpin number="1" name="1" style="r147.5_30" originx="-225.90551181102" originy="147.63779527559" rotation="90" />
    <pcbpin number="2" name="2" style="r147.5_30" originx="-225.90551181102" originy="127.95275590551" rotation="90" />
    <pcbpin number="3" name="3" style="r147.5_30" originx="-225.90551181102" originy="108.26771653543" rotation="90" />
    <pcbpin number="4" name="4" style="r147.5_30" originx="-225.90551181102" originy="88.582677165353" rotation="90" />
    <pcbpin number="5" name="5" style="r147.5_30" originx="-225.90551181102" originy="68.897637795275" rotation="90" />
    <pcbpin number="6" name="6" style="r147.5_30" originx="-225.90551181102" originy="49.212598425196" rotation="90" />
    <pcbpin number="7" name="7" style="r147.5_30" originx="-225.90551181102" originy="29.527559055118" rotation="90" />
    <pcbpin number="8" name="8" style="r147.5_30" originx="-225.90551181102" originy="9.8425196850392" rotation="90" />
    <pcbpin number="9" name="9" style="r147.5_30" originx="-225.90551181102" originy="-9.8425196850392" rotation="90" />
    <pcbpin number="10" name="10" style="r147.5_30" originx="-225.90551181102" originy="-29.527559055118" rotation="90" />
    <pcbpin number="11" name="11" style="r147.5_30" originx="-225.90551181102" originy="-49.212598425196" rotation="90" />
    <pcbpin number="12" name="12" style="r147.5_30" originx="-225.90551181102" originy="-68.897637795275" rotation="90" />
    <pcbpin number="13" name="13" style="r147.5_30" originx="-225.90551181102" originy="-88.582677165353" rotation="90" />
    <pcbpin number="14" name="14" style="r147.5_30" originx="-225.90551181102" originy="-108.26771653543" rotation="90" />
    <pcbpin number="15" name="15" style="r147.5_30" originx="-225.90551181102" originy="-127.95275590551" rotation="90" />
    <pcbpin number="16" name="16" style="r147.5_30" originx="-225.90551181102" originy="-147.63779527559" rotation="90" />
    <pcbpin number="17" name="17" style="r147.5_30" originx="-147.63779527559" originy="-225.90551181102" rotation="0" />
    <pcbpin number="18" name="18" style="r147.5_30" originx="-127.95275590551" originy="-225.90551181102" rotation="0" />
    <pcbpin number="19" name="19" style="r147.5_30" originx="-108.26771653543" originy="-225.90551181102" rotation="0" />
    <pcbpin number="20" name="20" style="r147.5_30" originx="-88.582677165353" originy="-225.90551181102" rotation="0" />
    <pcbpin number="21" name="21" style="r147.5_30" originx="-68.897637795275" originy="-225.90551181102" rotation="0" />
    <pcbpin number="22" name="22" style="r147.5_30" originx="-49.212598425196" originy="-225.90551181102" rotation="0" />
    <pcbpin number="23" name="23" style="r147.5_30" originx="-29.527559055118" originy="-225.90551181102" rotation="0" />
    <pcbpin number="24" name="24" style="r147.5_30" originx="-9.8425196850392" originy="-225.90551181102" rotation="0" />
    <pcbpin number="25" name="25" style="r147.5_30" originx="9.8425196850392" originy="-225.90551181102" rotation="0" />
    <pcbpin number="26" name="26" style="r147.5_30" originx="29.527559055118" originy="-225.90551181102" rotation="0" />
    <pcbpin number="27" name="27" style="r147.5_30" originx="49.212598425196" originy="-225.90551181102" rotation="0" />
    <pcbpin number="28" name="28" style="r147.5_30" originx="68.897637795275" originy="-225.90551181102" rotation="0" />
    <pcbpin number="29" name="29" style="r147.5_30" originx="88.582677165353" originy="-225.90551181102" rotation="0" />
    <pcbpin number="30" name="30" style="r147.5_30" originx="108.26771653543" originy="-225.90551181102" rotation="0" />
    <pcbpin number="31" name="31" style="r147.5_30" originx="127.95275590551" originy="-225.90551181102" rotation="0" />
    <pcbpin number="32" name="32" style="r147.5_30" originx="147.63779527559" originy="-225.90551181102" rotation="0" />
    <pcbpin number="33" name="33" style="r147.5_30" originx="225.90551181102" originy="-147.63779527559" rotation="90" />
    <pcbpin number="34" name="34" style="r147.5_30" originx="225.90551181102" originy="-127.95275590551" rotation="90" />
    <pcbpin number="35" name="35" style="r147.5_30" originx="225.90551181102" originy="-108.26771653543" rotation="90" />
    <pcbpin number="36" name="36" style="r147.5_30" originx="225.90551181102" originy="-88.582677165353" rotation="90" />
    <pcbpin number="37" name="37" style="r147.5_30" originx="225.90551181102" originy="-68.897637795275" rotation="90" />
    <pcbpin number="38" name="38" style="r147.5_30" originx="225.90551181102" originy="-49.212598425196" rotation="90" />
    <pcbpin number="39" name="39" style="r147.5_30" originx="225.90551181102" originy="-29.527559055118" rotation="90" />
    <pcbpin number="40" name="40" style="r147.5_30" originx="225.90551181102" originy="-9.8425196850392" rotation="90" />
    <pcbpin number="41" name="41" style="r147.5_30" originx="225.90551181102" originy="9.8425196850392" rotation="90" />
    <pcbpin number="42" name="42" style="r147.5_30" originx="225.90551181102" originy="29.527559055118" rotation="90" />
    <pcbpin number="43" name="43" style="r147.5_30" originx="225.90551181102" originy="49.212598425196" rotation="90" />
    <pcbpin number="44" name="44" style="r147.5_30" originx="225.90551181102" originy="68.897637795275" rotation="90" />
    <pcbpin number="45" name="45" style="r147.5_30" originx="225.90551181102" originy="88.582677165353" rotation="90" />
    <pcbpin number="46" name="46" style="r147.5_30" originx="225.90551181102" originy="108.26771653543" rotation="90" />
    <pcbpin number="47" name="47" style="r147.5_30" originx="225.90551181102" originy="127.95275590551" rotation="90" />
    <pcbpin number="48" name="48" style="r147.5_30" originx="225.90551181102" originy="147.63779527559" rotation="90" />
    <pcbpin number="49" name="49" style="r147.5_30" originx="147.63779527559" originy="225.90551181102" rotation="0" />
    <pcbpin number="50" name="50" style="r147.5_30" originx="127.95275590551" originy="225.90551181102" rotation="0" />
    <pcbpin number="51" name="51" style="r147.5_30" originx="108.26771653543" originy="225.90551181102" rotation="0" />
    <pcbpin number="52" name="52" style="r147.5_30" originx="88.582677165353" originy="225.90551181102" rotation="0" />
    <pcbpin number="53" name="53" style="r147.5_30" originx="68.897637795275" originy="225.90551181102" rotation="0" />
    <pcbpin number="54" name="54" style="r147.5_30" originx="49.212598425196" originy="225.90551181102" rotation="0" />
    <pcbpin number="55" name="55" style="r147.5_30" originx="29.527559055118" originy="225.90551181102" rotation="0" />
    <pcbpin number="56" name="56" style="r147.5_30" originx="9.8425196850392" originy="225.90551181102" rotation="0" />
    <pcbpin number="57" name="57" style="r147.5_30" originx="-9.8425196850392" originy="225.90551181102" rotation="0" />
    <pcbpin number="58" name="58" style="r147.5_30" originx="-29.527559055118" originy="225.90551181102" rotation="0" />
    <pcbpin number="59" name="59" style="r147.5_30" originx="-49.212598425196" originy="225.90551181102" rotation="0" />
    <pcbpin number="60" name="60" style="r147.5_30" originx="-68.897637795275" originy="225.90551181102" rotation="0" />
    <pcbpin number="61" name="61" style="r147.5_30" originx="-88.582677165353" originy="225.90551181102" rotation="0" />
    <pcbpin number="62" name="62" style="r147.5_30" originx="-108.26771653543" originy="225.90551181102" rotation="0" />
    <pcbpin number="63" name="63" style="r147.5_30" originx="-127.95275590551" originy="225.90551181102" rotation="0" />
    <pcbpin number="64" name="64" style="r147.5_30" originx="-147.63779527559" originy="225.90551181102" rotation="0" />
    <line layer="TOP_PLACE_BOUND" originx="-264.76377952756" originy="264.76377952756" endx="264.76377952756" endy="264.76377952756" width="1.9685039370079" />
    <line layer="TOP_PLACE_BOUND" originx="264.76377952756" originy="264.76377952756" endx="264.76377952756" endy="-264.76377952756" width="1.9685039370079" />
    <line layer="TOP_PLACE_BOUND" originx="264.76377952756" originy="-264.76377952756" endx="-264.76377952756" endy="-264.76377952756" width="1.9685039370079" />
    <line layer="TOP_PLACE_BOUND" originx="-264.76377952756" originy="-264.76377952756" endx="-264.76377952756" endy="264.76377952756" width="1.9685039370079" />
    <line layer="TOP_ASSEMBLY" originx="-196.85039370078" originy="196.85039370078" endx="196.85039370078" endy="196.85039370078" width="3.9370078740157" />
    <line layer="TOP_ASSEMBLY" originx="196.85039370078" originy="196.85039370078" endx="196.85039370078" endy="-196.85039370078" width="3.9370078740157" />
    <line layer="TOP_ASSEMBLY" originx="196.85039370078" originy="-196.85039370078" endx="-196.85039370078" endy="-196.85039370078" width="3.9370078740157" />
    <line layer="TOP_ASSEMBLY" originx="-196.85039370078" originy="-196.85039370078" endx="-196.85039370078" endy="196.85039370078" width="3.9370078740157" />
    <line layer="TOP_ASSEMBLY" originx="-196.85039370078" originy="177.16535433071" endx="-177.16535433071" endy="196.85039370078" width="3.9370078740157" />
    <line layer="TOP_SILKSCREEN" originx="-183.07086614173" originy="183.07086614173" endx="183.07086614173" endy="183.07086614173" width="7.8740157480314" />
    <line layer="TOP_SILKSCREEN" originx="183.07086614173" originy="183.07086614173" endx="183.07086614173" endy="-183.07086614173" width="7.8740157480314" />
    <line layer="TOP_SILKSCREEN" originx="183.07086614173" originy="-183.07086614173" endx="-183.07086614173" endy="-183.07086614173" width="7.8740157480314" />
    <line layer="TOP_SILKSCREEN" originx="-183.07086614173" originy="-183.07086614173" endx="-183.07086614173" endy="183.07086614173" width="7.8740157480314" />
    <arc layer="TOP_SILKSCREEN" originx="-245.07874015748" originy="177.16535433071" startangle="180" sweepangle="180" radius="4.9212598425196" width="9.8425196850392" />
    <arc layer="TOP_SILKSCREEN" originx="-245.07874015748" originy="177.16535433071" startangle="180" sweepangle="-180" radius="4.9212598425196" width="9.8425196850392" />
  </footprint>
  <symbol name="R7FA4M1AB3CFM#AA0" originx="0" originy="0">
    <line originx="200" originy="800" endx="1900" endy="800" width="0" />
    <line originx="1900" originy="-2400" endx="1900" endy="800" width="0" />
    <line originx="1900" originy="-2400" endx="200" endy="-2400" width="0" />
    <line originx="200" originy="800" endx="200" endy="-2400" width="0" />
    <sympin number="1" originx="200" originy="0" rotation="180" length="100" width="7.8740157480315" flipped="False">
      <text name="pinname" originx="230" originy="0" style="Default" rotation="0" justify="left" flipped="False" hidden="False" data="P400" />
      <text name="pindes" originx="140" originy="20" style="Default" rotation="0" justify="lowerright" flipped="False" hidden="False" data="1" />
    </sympin>
    <sympin number="2" originx="200" originy="-100" rotation="180" length="100" width="7.8740157480315" flipped="False">
      <text name="pinname" originx="230" originy="-100" style="Default" rotation="0" justify="left" flipped="False" hidden="False" data="P401" />
      <text name="pindes" originx="140" originy="-80" style="Default" rotation="0" justify="lowerright" flipped="False" hidden="False" data="2" />
    </sympin>
    <sympin number="3" originx="200" originy="-200" rotation="180" length="100" width="7.8740157480315" flipped="False">
      <text name="pinname" originx="230" originy="-200" style="Default" rotation="0" justify="left" flipped="False" hidden="False" data="P402" />
      <text name="pindes" originx="140" originy="-180" style="Default" rotation="0" justify="lowerright" flipped="False" hidden="False" data="3" />
    </sympin>
    <sympin number="4" originx="200" originy="-300" rotation="180" length="100" width="7.8740157480315" flipped="False">
      <text name="pinname" originx="230" originy="-300" style="Default" rotation="0" justify="left" flipped="False" hidden="False" data="VBATT" />
      <text name="pindes" originx="140" originy="-280" style="Default" rotation="0" justify="lowerright" flipped="False" hidden="False" data="4" />
    </sympin>
    <sympin number="5" originx="200" originy="-400" rotation="180" length="100" width="7.8740157480315" flipped="False">
      <text name="pinname" originx="230" originy="-400" style="Default" rotation="0" justify="left" flipped="False" hidden="False" data="VCL" />
      <text name="pindes" originx="140" originy="-380" style="Default" rotation="0" justify="lowerright" flipped="False" hidden="False" data="5" />
    </sympin>
    <sympin number="6" originx="200" originy="-500" rotation="180" length="100" width="7.8740157480315" flipped="False">
      <text name="pinname" originx="230" originy="-500" style="Default" rotation="0" justify="left" flipped="False" hidden="False" data="P215/XCIN" />
      <text name="pindes" originx="140" originy="-480" style="Default" rotation="0" justify="lowerright" flipped="False" hidden="False" data="6" />
    </sympin>
    <sympin number="7" originx="200" originy="-600" rotation="180" length="100" width="7.8740157480315" flipped="False">
      <text name="pinname" originx="230" originy="-600" style="Default" rotation="0" justify="left" flipped="False" hidden="False" data="P214/XCOUT" />
      <text name="pindes" originx="140" originy="-580" style="Default" rotation="0" justify="lowerright" flipped="False" hidden="False" data="7" />
    </sympin>
    <sympin number="8" originx="200" originy="-700" rotation="180" length="100" width="7.8740157480315" flipped="False">
      <text name="pinname" originx="230" originy="-700" style="Default" rotation="0" justify="left" flipped="False" hidden="False" data="VSS_1" />
      <text name="pindes" originx="140" originy="-680" style="Default" rotation="0" justify="lowerright" flipped="False" hidden="False" data="8" />
    </sympin>
    <sympin number="9" originx="200" originy="-800" rotation="180" length="100" width="7.8740157480315" flipped="False">
      <text name="pinname" originx="230" originy="-800" style="Default" rotation="0" justify="left" flipped="False" hidden="False" data="P213/XTAL" />
      <text name="pindes" originx="140" originy="-780" style="Default" rotation="0" justify="lowerright" flipped="False" hidden="False" data="9" />
    </sympin>
    <sympin number="10" originx="200" originy="-900" rotation="180" length="100" width="7.8740157480315" flipped="False">
      <text name="pinname" originx="230" originy="-900" style="Default" rotation="0" justify="left" flipped="False" hidden="False" data="P212/EXTAL" />
      <text name="pindes" originx="140" originy="-880" style="Default" rotation="0" justify="lowerright" flipped="False" hidden="False" data="10" />
    </sympin>
    <sympin number="11" originx="200" originy="-1000" rotation="180" length="100" width="7.8740157480315" flipped="False">
      <text name="pinname" originx="230" originy="-1000" style="Default" rotation="0" justify="left" flipped="False" hidden="False" data="VCC_1" />
      <text name="pindes" originx="140" originy="-980" style="Default" rotation="0" justify="lowerright" flipped="False" hidden="False" data="11" />
    </sympin>
    <sympin number="12" originx="200" originy="-1100" rotation="180" length="100" width="7.8740157480315" flipped="False">
      <text name="pinname" originx="230" originy="-1100" style="Default" rotation="0" justify="left" flipped="False" hidden="False" data="P411" />
      <text name="pindes" originx="140" originy="-1080" style="Default" rotation="0" justify="lowerright" flipped="False" hidden="False" data="12" />
    </sympin>
    <sympin number="13" originx="200" originy="-1200" rotation="180" length="100" width="7.8740157480315" flipped="False">
      <text name="pinname" originx="230" originy="-1200" style="Default" rotation="0" justify="left" flipped="False" hidden="False" data="P410" />
      <text name="pindes" originx="140" originy="-1180" style="Default" rotation="0" justify="lowerright" flipped="False" hidden="False" data="13" />
    </sympin>
    <sympin number="14" originx="200" originy="-1300" rotation="180" length="100" width="7.8740157480315" flipped="False">
      <text name="pinname" originx="230" originy="-1300" style="Default" rotation="0" justify="left" flipped="False" hidden="False" data="P409" />
      <text name="pindes" originx="140" originy="-1280" style="Default" rotation="0" justify="lowerright" flipped="False" hidden="False" data="14" />
    </sympin>
    <sympin number="15" originx="200" originy="-1400" rotation="180" length="100" width="7.8740157480315" flipped="False">
      <text name="pinname" originx="230" originy="-1400" style="Default" rotation="0" justify="left" flipped="False" hidden="False" data="P408" />
      <text name="pindes" originx="140" originy="-1380" style="Default" rotation="0" justify="lowerright" flipped="False" hidden="False" data="15" />
    </sympin>
    <sympin number="16" originx="200" originy="-1500" rotation="180" length="100" width="7.8740157480315" flipped="False">
      <text name="pinname" originx="230" originy="-1500" style="Default" rotation="0" justify="left" flipped="False" hidden="False" data="P407" />
      <text name="pindes" originx="140" originy="-1480" style="Default" rotation="0" justify="lowerright" flipped="False" hidden="False" data="16" />
    </sympin>
    <sympin number="17" originx="300" originy="-2400" rotation="270" length="100" width="7.8740157480315" flipped="False">
      <text name="pinname" originx="300" originy="-2370" style="Default" rotation="0" justify="left" flipped="False" hidden="False" data="VSS_USB" />
      <text name="pindes" originx="280" originy="-2460" style="Default" rotation="0" justify="lowerright" flipped="False" hidden="False" data="17" />
    </sympin>
    <sympin number="18" originx="400" originy="-2400" rotation="270" length="100" width="7.8740157480315" flipped="False">
      <text name="pinname" originx="400" originy="-2370" style="Default" rotation="0" justify="left" flipped="False" hidden="False" data="P915/USB_DM" />
      <text name="pindes" originx="380" originy="-2460" style="Default" rotation="0" justify="lowerright" flipped="False" hidden="False" data="18" />
    </sympin>
    <sympin number="19" originx="500" originy="-2400" rotation="270" length="100" width="7.8740157480315" flipped="False">
      <text name="pinname" originx="500" originy="-2370" style="Default" rotation="0" justify="left" flipped="False" hidden="False" data="P914/USB_DP" />
      <text name="pindes" originx="480" originy="-2460" style="Default" rotation="0" justify="lowerright" flipped="False" hidden="False" data="19" />
    </sympin>
    <sympin number="20" originx="600" originy="-2400" rotation="270" length="100" width="7.8740157480315" flipped="False">
      <text name="pinname" originx="600" originy="-2370" style="Default" rotation="0" justify="left" flipped="False" hidden="False" data="VCC_USB" />
      <text name="pindes" originx="580" originy="-2460" style="Default" rotation="0" justify="lowerright" flipped="False" hidden="False" data="20" />
    </sympin>
    <sympin number="21" originx="700" originy="-2400" rotation="270" length="100" width="7.8740157480315" flipped="False">
      <text name="pinname" originx="700" originy="-2370" style="Default" rotation="0" justify="left" flipped="False" hidden="False" data="VCC_USB_LDO" />
      <text name="pindes" originx="680" originy="-2460" style="Default" rotation="0" justify="lowerright" flipped="False" hidden="False" data="21" />
    </sympin>
    <sympin number="22" originx="800" originy="-2400" rotation="270" length="100" width="7.8740157480315" flipped="False">
      <text name="pinname" originx="800" originy="-2370" style="Default" rotation="0" justify="left" flipped="False" hidden="False" data="P206" />
      <text name="pindes" originx="780" originy="-2460" style="Default" rotation="0" justify="lowerright" flipped="False" hidden="False" data="22" />
    </sympin>
    <sympin number="23" originx="900" originy="-2400" rotation="270" length="100" width="7.8740157480315" flipped="False">
      <text name="pinname" originx="900" originy="-2370" style="Default" rotation="0" justify="left" flipped="False" hidden="False" data="P205" />
      <text name="pindes" originx="880" originy="-2460" style="Default" rotation="0" justify="lowerright" flipped="False" hidden="False" data="23" />
    </sympin>
    <sympin number="24" originx="1000" originy="-2400" rotation="270" length="100" width="7.8740157480315" flipped="False">
      <text name="pinname" originx="1000" originy="-2370" style="Default" rotation="0" justify="left" flipped="False" hidden="False" data="P204" />
      <text name="pindes" originx="980" originy="-2460" style="Default" rotation="0" justify="lowerright" flipped="False" hidden="False" data="24" />
    </sympin>
    <sympin number="25" originx="1100" originy="-2400" rotation="270" length="100" width="7.8740157480315" flipped="False">
      <text name="pinname" originx="1100" originy="-2370" style="Default" rotation="0" justify="left" flipped="False" hidden="False" data="RES" />
      <text name="pindes" originx="1080" originy="-2460" style="Default" rotation="0" justify="lowerright" flipped="False" hidden="False" data="25" />
    </sympin>
    <sympin number="26" originx="1200" originy="-2400" rotation="270" length="100" width="7.8740157480315" flipped="False">
      <text name="pinname" originx="1200" originy="-2370" style="Default" rotation="0" justify="left" flipped="False" hidden="False" data="P201/MD" />
      <text name="pindes" originx="1180" originy="-2460" style="Default" rotation="0" justify="lowerright" flipped="False" hidden="False" data="26" />
    </sympin>
    <sympin number="27" originx="1300" originy="-2400" rotation="270" length="100" width="7.8740157480315" flipped="False">
      <text name="pinname" originx="1300" originy="-2370" style="Default" rotation="0" justify="left" flipped="False" hidden="False" data="P200" />
      <text name="pindes" originx="1280" originy="-2460" style="Default" rotation="0" justify="lowerright" flipped="False" hidden="False" data="27" />
    </sympin>
    <sympin number="28" originx="1400" originy="-2400" rotation="270" length="100" width="7.8740157480315" flipped="False">
      <text name="pinname" originx="1400" originy="-2370" style="Default" rotation="0" justify="left" flipped="False" hidden="False" data="P304" />
      <text name="pindes" originx="1380" originy="-2460" style="Default" rotation="0" justify="lowerright" flipped="False" hidden="False" data="28" />
    </sympin>
    <sympin number="29" originx="1500" originy="-2400" rotation="270" length="100" width="7.8740157480315" flipped="False">
      <text name="pinname" originx="1500" originy="-2370" style="Default" rotation="0" justify="left" flipped="False" hidden="False" data="P303" />
      <text name="pindes" originx="1480" originy="-2460" style="Default" rotation="0" justify="lowerright" flipped="False" hidden="False" data="29" />
    </sympin>
    <sympin number="30" originx="1600" originy="-2400" rotation="270" length="100" width="7.8740157480315" flipped="False">
      <text name="pinname" originx="1600" originy="-2370" style="Default" rotation="0" justify="left" flipped="False" hidden="False" data="P302" />
      <text name="pindes" originx="1580" originy="-2460" style="Default" rotation="0" justify="lowerright" flipped="False" hidden="False" data="30" />
    </sympin>
    <sympin number="31" originx="1700" originy="-2400" rotation="270" length="100" width="7.8740157480315" flipped="False">
      <text name="pinname" originx="1700" originy="-2370" style="Default" rotation="0" justify="left" flipped="False" hidden="False" data="P301" />
      <text name="pindes" originx="1680" originy="-2460" style="Default" rotation="0" justify="lowerright" flipped="False" hidden="False" data="31" />
    </sympin>
    <sympin number="32" originx="1800" originy="-2400" rotation="270" length="100" width="7.8740157480315" flipped="False">
      <text name="pinname" originx="1800" originy="-2370" style="Default" rotation="0" justify="left" flipped="False" hidden="False" data="P300/TCK/SWCLK" />
      <text name="pindes" originx="1780" originy="-2460" style="Default" rotation="0" justify="lowerright" flipped="False" hidden="False" data="32" />
    </sympin>
    <sympin number="48" originx="1900" originy="0" rotation="0" length="100" width="7.8740157480315" flipped="False">
      <text name="pinname" originx="1870" originy="0" style="Default" rotation="0" justify="right" flipped="False" hidden="False" data="P100" />
      <text name="pindes" originx="1960" originy="20" style="Default" rotation="0" justify="lowerleft" flipped="False" hidden="False" data="48" />
    </sympin>
    <sympin number="47" originx="1900" originy="-100" rotation="0" length="100" width="7.8740157480315" flipped="False">
      <text name="pinname" originx="1870" originy="-100" style="Default" rotation="0" justify="right" flipped="False" hidden="False" data="P101" />
      <text name="pindes" originx="1960" originy="-80" style="Default" rotation="0" justify="lowerleft" flipped="False" hidden="False" data="47" />
    </sympin>
    <sympin number="46" originx="1900" originy="-200" rotation="0" length="100" width="7.8740157480315" flipped="False">
      <text name="pinname" originx="1870" originy="-200" style="Default" rotation="0" justify="right" flipped="False" hidden="False" data="P102" />
      <text name="pindes" originx="1960" originy="-180" style="Default" rotation="0" justify="lowerleft" flipped="False" hidden="False" data="46" />
    </sympin>
    <sympin number="45" originx="1900" originy="-300" rotation="0" length="100" width="7.8740157480315" flipped="False">
      <text name="pinname" originx="1870" originy="-300" style="Default" rotation="0" justify="right" flipped="False" hidden="False" data="P103" />
      <text name="pindes" originx="1960" originy="-280" style="Default" rotation="0" justify="lowerleft" flipped="False" hidden="False" data="45" />
    </sympin>
    <sympin number="44" originx="1900" originy="-400" rotation="0" length="100" width="7.8740157480315" flipped="False">
      <text name="pinname" originx="1870" originy="-400" style="Default" rotation="0" justify="right" flipped="False" hidden="False" data="P104" />
      <text name="pindes" originx="1960" originy="-380" style="Default" rotation="0" justify="lowerleft" flipped="False" hidden="False" data="44" />
    </sympin>
    <sympin number="43" originx="1900" originy="-500" rotation="0" length="100" width="7.8740157480315" flipped="False">
      <text name="pinname" originx="1870" originy="-500" style="Default" rotation="0" justify="right" flipped="False" hidden="False" data="P105" />
      <text name="pindes" originx="1960" originy="-480" style="Default" rotation="0" justify="lowerleft" flipped="False" hidden="False" data="43" />
    </sympin>
    <sympin number="42" originx="1900" originy="-600" rotation="0" length="100" width="7.8740157480315" flipped="False">
      <text name="pinname" originx="1870" originy="-600" style="Default" rotation="0" justify="right" flipped="False" hidden="False" data="P106" />
      <text name="pindes" originx="1960" originy="-580" style="Default" rotation="0" justify="lowerleft" flipped="False" hidden="False" data="42" />
    </sympin>
    <sympin number="41" originx="1900" originy="-700" rotation="0" length="100" width="7.8740157480315" flipped="False">
      <text name="pinname" originx="1870" originy="-700" style="Default" rotation="0" justify="right" flipped="False" hidden="False" data="P107" />
      <text name="pindes" originx="1960" originy="-680" style="Default" rotation="0" justify="lowerleft" flipped="False" hidden="False" data="41" />
    </sympin>
    <sympin number="40" originx="1900" originy="-800" rotation="0" length="100" width="7.8740157480315" flipped="False">
      <text name="pinname" originx="1870" originy="-800" style="Default" rotation="0" justify="right" flipped="False" hidden="False" data="VSS_2" />
      <text name="pindes" originx="1960" originy="-780" style="Default" rotation="0" justify="lowerleft" flipped="False" hidden="False" data="40" />
    </sympin>
    <sympin number="39" originx="1900" originy="-900" rotation="0" length="100" width="7.8740157480315" flipped="False">
      <text name="pinname" originx="1870" originy="-900" style="Default" rotation="0" justify="right" flipped="False" hidden="False" data="VCC_2" />
      <text name="pindes" originx="1960" originy="-880" style="Default" rotation="0" justify="lowerleft" flipped="False" hidden="False" data="39" />
    </sympin>
    <sympin number="38" originx="1900" originy="-1000" rotation="0" length="100" width="7.8740157480315" flipped="False">
      <text name="pinname" originx="1870" originy="-1000" style="Default" rotation="0" justify="right" flipped="False" hidden="False" data="P113" />
      <text name="pindes" originx="1960" originy="-980" style="Default" rotation="0" justify="lowerleft" flipped="False" hidden="False" data="38" />
    </sympin>
    <sympin number="37" originx="1900" originy="-1100" rotation="0" length="100" width="7.8740157480315" flipped="False">
      <text name="pinname" originx="1870" originy="-1100" style="Default" rotation="0" justify="right" flipped="False" hidden="False" data="P112" />
      <text name="pindes" originx="1960" originy="-1080" style="Default" rotation="0" justify="lowerleft" flipped="False" hidden="False" data="37" />
    </sympin>
    <sympin number="36" originx="1900" originy="-1200" rotation="0" length="100" width="7.8740157480315" flipped="False">
      <text name="pinname" originx="1870" originy="-1200" style="Default" rotation="0" justify="right" flipped="False" hidden="False" data="P111" />
      <text name="pindes" originx="1960" originy="-1180" style="Default" rotation="0" justify="lowerleft" flipped="False" hidden="False" data="36" />
    </sympin>
    <sympin number="35" originx="1900" originy="-1300" rotation="0" length="100" width="7.8740157480315" flipped="False">
      <text name="pinname" originx="1870" originy="-1300" style="Default" rotation="0" justify="right" flipped="False" hidden="False" data="P110/TDI" />
      <text name="pindes" originx="1960" originy="-1280" style="Default" rotation="0" justify="lowerleft" flipped="False" hidden="False" data="35" />
    </sympin>
    <sympin number="34" originx="1900" originy="-1400" rotation="0" length="100" width="7.8740157480315" flipped="False">
      <text name="pinname" originx="1870" originy="-1400" style="Default" rotation="0" justify="right" flipped="False" hidden="False" data="P109/TDO/SWO" />
      <text name="pindes" originx="1960" originy="-1380" style="Default" rotation="0" justify="lowerleft" flipped="False" hidden="False" data="34" />
    </sympin>
    <sympin number="33" originx="1900" originy="-1500" rotation="0" length="100" width="7.8740157480315" flipped="False">
      <text name="pinname" originx="1870" originy="-1500" style="Default" rotation="0" justify="right" flipped="False" hidden="False" data="P108/TMS/SWDIO" />
      <text name="pindes" originx="1960" originy="-1480" style="Default" rotation="0" justify="lowerleft" flipped="False" hidden="False" data="33" />
    </sympin>
    <sympin number="64" originx="300" originy="800" rotation="90" length="100" width="7.8740157480315" flipped="False">
      <text name="pinname" originx="300" originy="770" style="Default" rotation="0" justify="right" flipped="False" hidden="False" data="P000" />
      <text name="pindes" originx="280" originy="860" style="Default" rotation="0" justify="lowerleft" flipped="False" hidden="False" data="64" />
    </sympin>
    <sympin number="63" originx="400" originy="800" rotation="90" length="100" width="7.8740157480315" flipped="False">
      <text name="pinname" originx="400" originy="770" style="Default" rotation="0" justify="right" flipped="False" hidden="False" data="P001" />
      <text name="pindes" originx="380" originy="860" style="Default" rotation="0" justify="lowerleft" flipped="False" hidden="False" data="63" />
    </sympin>
    <sympin number="62" originx="500" originy="800" rotation="90" length="100" width="7.8740157480315" flipped="False">
      <text name="pinname" originx="500" originy="770" style="Default" rotation="0" justify="right" flipped="False" hidden="False" data="P002" />
      <text name="pindes" originx="480" originy="860" style="Default" rotation="0" justify="lowerleft" flipped="False" hidden="False" data="62" />
    </sympin>
    <sympin number="61" originx="600" originy="800" rotation="90" length="100" width="7.8740157480315" flipped="False">
      <text name="pinname" originx="600" originy="770" style="Default" rotation="0" justify="right" flipped="False" hidden="False" data="P003" />
      <text name="pindes" originx="580" originy="860" style="Default" rotation="0" justify="lowerleft" flipped="False" hidden="False" data="61" />
    </sympin>
    <sympin number="60" originx="700" originy="800" rotation="90" length="100" width="7.8740157480315" flipped="False">
      <text name="pinname" originx="700" originy="770" style="Default" rotation="0" justify="right" flipped="False" hidden="False" data="P004" />
      <text name="pindes" originx="680" originy="860" style="Default" rotation="0" justify="lowerleft" flipped="False" hidden="False" data="60" />
    </sympin>
    <sympin number="59" originx="800" originy="800" rotation="90" length="100" width="7.8740157480315" flipped="False">
      <text name="pinname" originx="800" originy="770" style="Default" rotation="0" justify="right" flipped="False" hidden="False" data="P010/VREFH0" />
      <text name="pindes" originx="780" originy="860" style="Default" rotation="0" justify="lowerleft" flipped="False" hidden="False" data="59" />
    </sympin>
    <sympin number="58" originx="900" originy="800" rotation="90" length="100" width="7.8740157480315" flipped="False">
      <text name="pinname" originx="900" originy="770" style="Default" rotation="0" justify="right" flipped="False" hidden="False" data="P011/VREFL0" />
      <text name="pindes" originx="880" originy="860" style="Default" rotation="0" justify="lowerleft" flipped="False" hidden="False" data="58" />
    </sympin>
    <sympin number="57" originx="1000" originy="800" rotation="90" length="100" width="7.8740157480315" flipped="False">
      <text name="pinname" originx="1000" originy="770" style="Default" rotation="0" justify="right" flipped="False" hidden="False" data="AVSS0" />
      <text name="pindes" originx="980" originy="860" style="Default" rotation="0" justify="lowerleft" flipped="False" hidden="False" data="57" />
    </sympin>
    <sympin number="56" originx="1100" originy="800" rotation="90" length="100" width="7.8740157480315" flipped="False">
      <text name="pinname" originx="1100" originy="770" style="Default" rotation="0" justify="right" flipped="False" hidden="False" data="AVCC0" />
      <text name="pindes" originx="1080" originy="860" style="Default" rotation="0" justify="lowerleft" flipped="False" hidden="False" data="56" />
    </sympin>
    <sympin number="55" originx="1200" originy="800" rotation="90" length="100" width="7.8740157480315" flipped="False">
      <text name="pinname" originx="1200" originy="770" style="Default" rotation="0" justify="right" flipped="False" hidden="False" data="P012/VREFH" />
      <text name="pindes" originx="1180" originy="860" style="Default" rotation="0" justify="lowerleft" flipped="False" hidden="False" data="55" />
    </sympin>
    <sympin number="54" originx="1300" originy="800" rotation="90" length="100" width="7.8740157480315" flipped="False">
      <text name="pinname" originx="1300" originy="770" style="Default" rotation="0" justify="right" flipped="False" hidden="False" data="P013/VREFL" />
      <text name="pindes" originx="1280" originy="860" style="Default" rotation="0" justify="lowerleft" flipped="False" hidden="False" data="54" />
    </sympin>
    <sympin number="53" originx="1400" originy="800" rotation="90" length="100" width="7.8740157480315" flipped="False">
      <text name="pinname" originx="1400" originy="770" style="Default" rotation="0" justify="right" flipped="False" hidden="False" data="P014" />
      <text name="pindes" originx="1380" originy="860" style="Default" rotation="0" justify="lowerleft" flipped="False" hidden="False" data="53" />
    </sympin>
    <sympin number="52" originx="1500" originy="800" rotation="90" length="100" width="7.8740157480315" flipped="False">
      <text name="pinname" originx="1500" originy="770" style="Default" rotation="0" justify="right" flipped="False" hidden="False" data="P015" />
      <text name="pindes" originx="1480" originy="860" style="Default" rotation="0" justify="lowerleft" flipped="False" hidden="False" data="52" />
    </sympin>
    <sympin number="51" originx="1600" originy="800" rotation="90" length="100" width="7.8740157480315" flipped="False">
      <text name="pinname" originx="1600" originy="770" style="Default" rotation="0" justify="right" flipped="False" hidden="False" data="P502" />
      <text name="pindes" originx="1580" originy="860" style="Default" rotation="0" justify="lowerleft" flipped="False" hidden="False" data="51" />
    </sympin>
    <sympin number="50" originx="1700" originy="800" rotation="90" length="100" width="7.8740157480315" flipped="False">
      <text name="pinname" originx="1700" originy="770" style="Default" rotation="0" justify="right" flipped="False" hidden="False" data="P501" />
      <text name="pindes" originx="1680" originy="860" style="Default" rotation="0" justify="lowerleft" flipped="False" hidden="False" data="50" />
    </sympin>
    <sympin number="49" originx="1800" originy="800" rotation="90" length="100" width="7.8740157480315" flipped="False">
      <text name="pinname" originx="1800" originy="770" style="Default" rotation="0" justify="right" flipped="False" hidden="False" data="P500" />
      <text name="pindes" originx="1780" originy="860" style="Default" rotation="0" justify="lowerleft" flipped="False" hidden="False" data="49" />
    </sympin>
  </symbol>
  <component name="R7FA4M1AB3CFM#AA0" designatorprefix="IC" height="66.929133858267" footprint="QFP50P1200X1200X170-64N">
    <comppin designator="1" sympin="1" pinswap="0" gateswap="0" gate="1" group="1" side="" type="Any" name="P400" />
    <comppin designator="2" sympin="2" pinswap="0" gateswap="0" gate="1" group="1" side="" type="Any" name="P401" />
    <comppin designator="3" sympin="3" pinswap="0" gateswap="0" gate="1" group="1" side="" type="Any" name="P402" />
    <comppin designator="4" sympin="4" pinswap="0" gateswap="0" gate="1" group="1" side="" type="Any" name="VBATT" />
    <comppin designator="5" sympin="5" pinswap="0" gateswap="0" gate="1" group="1" side="" type="Any" name="VCL" />
    <comppin designator="6" sympin="6" pinswap="0" gateswap="0" gate="1" group="1" side="" type="Any" name="P215/XCIN" />
    <comppin designator="7" sympin="7" pinswap="0" gateswap="0" gate="1" group="1" side="" type="Any" name="P214/XCOUT" />
    <comppin designator="8" sympin="8" pinswap="0" gateswap="0" gate="1" group="1" side="" type="Any" name="VSS_1" />
    <comppin designator="9" sympin="9" pinswap="0" gateswap="0" gate="1" group="1" side="" type="Any" name="P213/XTAL" />
    <comppin designator="10" sympin="10" pinswap="0" gateswap="0" gate="1" group="1" side="" type="Any" name="P212/EXTAL" />
    <comppin designator="11" sympin="11" pinswap="0" gateswap="0" gate="1" group="1" side="" type="Any" name="VCC_1" />
    <comppin designator="12" sympin="12" pinswap="0" gateswap="0" gate="1" group="1" side="" type="Any" name="P411" />
    <comppin designator="13" sympin="13" pinswap="0" gateswap="0" gate="1" group="1" side="" type="Any" name="P410" />
    <comppin designator="14" sympin="14" pinswap="0" gateswap="0" gate="1" group="1" side="" type="Any" name="P409" />
    <comppin designator="15" sympin="15" pinswap="0" gateswap="0" gate="1" group="1" side="" type="Any" name="P408" />
    <comppin designator="16" sympin="16" pinswap="0" gateswap="0" gate="1" group="1" side="" type="Any" name="P407" />
    <comppin designator="17" sympin="17" pinswap="0" gateswap="0" gate="1" group="1" side="" type="Any" name="VSS_USB" />
    <comppin designator="18" sympin="18" pinswap="0" gateswap="0" gate="1" group="1" side="" type="Any" name="P915/USB_DM" />
    <comppin designator="19" sympin="19" pinswap="0" gateswap="0" gate="1" group="1" side="" type="Any" name="P914/USB_DP" />
    <comppin designator="20" sympin="20" pinswap="0" gateswap="0" gate="1" group="1" side="" type="Any" name="VCC_USB" />
    <comppin designator="21" sympin="21" pinswap="0" gateswap="0" gate="1" group="1" side="" type="Any" name="VCC_USB_LDO" />
    <comppin designator="22" sympin="22" pinswap="0" gateswap="0" gate="1" group="1" side="" type="Any" name="P206" />
    <comppin designator="23" sympin="23" pinswap="0" gateswap="0" gate="1" group="1" side="" type="Any" name="P205" />
    <comppin designator="24" sympin="24" pinswap="0" gateswap="0" gate="1" group="1" side="" type="Any" name="P204" />
    <comppin designator="25" sympin="25" pinswap="0" gateswap="0" gate="1" group="1" side="" type="Any" name="RES" />
    <comppin designator="26" sympin="26" pinswap="0" gateswap="0" gate="1" group="1" side="" type="Any" name="P201/MD" />
    <comppin designator="27" sympin="27" pinswap="0" gateswap="0" gate="1" group="1" side="" type="Any" name="P200" />
    <comppin designator="28" sympin="28" pinswap="0" gateswap="0" gate="1" group="1" side="" type="Any" name="P304" />
    <comppin designator="29" sympin="29" pinswap="0" gateswap="0" gate="1" group="1" side="" type="Any" name="P303" />
    <comppin designator="30" sympin="30" pinswap="0" gateswap="0" gate="1" group="1" side="" type="Any" name="P302" />
    <comppin designator="31" sympin="31" pinswap="0" gateswap="0" gate="1" group="1" side="" type="Any" name="P301" />
    <comppin designator="32" sympin="32" pinswap="0" gateswap="0" gate="1" group="1" side="" type="Any" name="P300/TCK/SWCLK" />
    <comppin designator="33" sympin="33" pinswap="0" gateswap="0" gate="1" group="1" side="" type="Any" name="P108/TMS/SWDIO" />
    <comppin designator="34" sympin="34" pinswap="0" gateswap="0" gate="1" group="1" side="" type="Any" name="P109/TDO/SWO" />
    <comppin designator="35" sympin="35" pinswap="0" gateswap="0" gate="1" group="1" side="" type="Any" name="P110/TDI" />
    <comppin designator="36" sympin="36" pinswap="0" gateswap="0" gate="1" group="1" side="" type="Any" name="P111" />
    <comppin designator="37" sympin="37" pinswap="0" gateswap="0" gate="1" group="1" side="" type="Any" name="P112" />
    <comppin designator="38" sympin="38" pinswap="0" gateswap="0" gate="1" group="1" side="" type="Any" name="P113" />
    <comppin designator="39" sympin="39" pinswap="0" gateswap="0" gate="1" group="1" side="" type="Any" name="VCC_2" />
    <comppin designator="40" sympin="40" pinswap="0" gateswap="0" gate="1" group="1" side="" type="Any" name="VSS_2" />
    <comppin designator="41" sympin="41" pinswap="0" gateswap="0" gate="1" group="1" side="" type="Any" name="P107" />
    <comppin designator="42" sympin="42" pinswap="0" gateswap="0" gate="1" group="1" side="" type="Any" name="P106" />
    <comppin designator="43" sympin="43" pinswap="0" gateswap="0" gate="1" group="1" side="" type="Any" name="P105" />
    <comppin designator="44" sympin="44" pinswap="0" gateswap="0" gate="1" group="1" side="" type="Any" name="P104" />
    <comppin designator="45" sympin="45" pinswap="0" gateswap="0" gate="1" group="1" side="" type="Any" name="P103" />
    <comppin designator="46" sympin="46" pinswap="0" gateswap="0" gate="1" group="1" side="" type="Any" name="P102" />
    <comppin designator="47" sympin="47" pinswap="0" gateswap="0" gate="1" group="1" side="" type="Any" name="P101" />
    <comppin designator="48" sympin="48" pinswap="0" gateswap="0" gate="1" group="1" side="" type="Any" name="P100" />
    <comppin designator="49" sympin="49" pinswap="0" gateswap="0" gate="1" group="1" side="" type="Any" name="P500" />
    <comppin designator="50" sympin="50" pinswap="0" gateswap="0" gate="1" group="1" side="" type="Any" name="P501" />
    <comppin designator="51" sympin="51" pinswap="0" gateswap="0" gate="1" group="1" side="" type="Any" name="P502" />
    <comppin designator="52" sympin="52" pinswap="0" gateswap="0" gate="1" group="1" side="" type="Any" name="P015" />
    <comppin designator="53" sympin="53" pinswap="0" gateswap="0" gate="1" group="1" side="" type="Any" name="P014" />
    <comppin designator="54" sympin="54" pinswap="0" gateswap="0" gate="1" group="1" side="" type="Any" name="P013/VREFL" />
    <comppin designator="55" sympin="55" pinswap="0" gateswap="0" gate="1" group="1" side="" type="Any" name="P012/VREFH" />
    <comppin designator="56" sympin="56" pinswap="0" gateswap="0" gate="1" group="1" side="" type="Any" name="AVCC0" />
    <comppin designator="57" sympin="57" pinswap="0" gateswap="0" gate="1" group="1" side="" type="Any" name="AVSS0" />
    <comppin designator="58" sympin="58" pinswap="0" gateswap="0" gate="1" group="1" side="" type="Any" name="P011/VREFL0" />
    <comppin designator="59" sympin="59" pinswap="0" gateswap="0" gate="1" group="1" side="" type="Any" name="P010/VREFH0" />
    <comppin designator="60" sympin="60" pinswap="0" gateswap="0" gate="1" group="1" side="" type="Any" name="P004" />
    <comppin designator="61" sympin="61" pinswap="0" gateswap="0" gate="1" group="1" side="" type="Any" name="P003" />
    <comppin designator="62" sympin="62" pinswap="0" gateswap="0" gate="1" group="1" side="" type="Any" name="P002" />
    <comppin designator="63" sympin="63" pinswap="0" gateswap="0" gate="1" group="1" side="" type="Any" name="P001" />
    <comppin designator="64" sympin="64" pinswap="0" gateswap="0" gate="1" group="1" side="" type="Any" name="P000" />
    <attached_symbol gate="1" name="R7FA4M1AB3CFM#AA0" />
    <pinmap designator="1" footprintpin="1" />
    <pinmap designator="2" footprintpin="2" />
    <pinmap designator="3" footprintpin="3" />
    <pinmap designator="4" footprintpin="4" />
    <pinmap designator="5" footprintpin="5" />
    <pinmap designator="6" footprintpin="6" />
    <pinmap designator="7" footprintpin="7" />
    <pinmap designator="8" footprintpin="8" />
    <pinmap designator="9" footprintpin="9" />
    <pinmap designator="10" footprintpin="10" />
    <pinmap designator="11" footprintpin="11" />
    <pinmap designator="12" footprintpin="12" />
    <pinmap designator="13" footprintpin="13" />
    <pinmap designator="14" footprintpin="14" />
    <pinmap designator="15" footprintpin="15" />
    <pinmap designator="16" footprintpin="16" />
    <pinmap designator="17" footprintpin="17" />
    <pinmap designator="18" footprintpin="18" />
    <pinmap designator="19" footprintpin="19" />
    <pinmap designator="20" footprintpin="20" />
    <pinmap designator="21" footprintpin="21" />
    <pinmap designator="22" footprintpin="22" />
    <pinmap designator="23" footprintpin="23" />
    <pinmap designator="24" footprintpin="24" />
    <pinmap designator="25" footprintpin="25" />
    <pinmap designator="26" footprintpin="26" />
    <pinmap designator="27" footprintpin="27" />
    <pinmap designator="28" footprintpin="28" />
    <pinmap designator="29" footprintpin="29" />
    <pinmap designator="30" footprintpin="30" />
    <pinmap designator="31" footprintpin="31" />
    <pinmap designator="32" footprintpin="32" />
    <pinmap designator="33" footprintpin="33" />
    <pinmap designator="34" footprintpin="34" />
    <pinmap designator="35" footprintpin="35" />
    <pinmap designator="36" footprintpin="36" />
    <pinmap designator="37" footprintpin="37" />
    <pinmap designator="38" footprintpin="38" />
    <pinmap designator="39" footprintpin="39" />
    <pinmap designator="40" footprintpin="40" />
    <pinmap designator="41" footprintpin="41" />
    <pinmap designator="42" footprintpin="42" />
    <pinmap designator="43" footprintpin="43" />
    <pinmap designator="44" footprintpin="44" />
    <pinmap designator="45" footprintpin="45" />
    <pinmap designator="46" footprintpin="46" />
    <pinmap designator="47" footprintpin="47" />
    <pinmap designator="48" footprintpin="48" />
    <pinmap designator="49" footprintpin="49" />
    <pinmap designator="50" footprintpin="50" />
    <pinmap designator="51" footprintpin="51" />
    <pinmap designator="52" footprintpin="52" />
    <pinmap designator="53" footprintpin="53" />
    <pinmap designator="54" footprintpin="54" />
    <pinmap designator="55" footprintpin="55" />
    <pinmap designator="56" footprintpin="56" />
    <pinmap designator="57" footprintpin="57" />
    <pinmap designator="58" footprintpin="58" />
    <pinmap designator="59" footprintpin="59" />
    <pinmap designator="60" footprintpin="60" />
    <pinmap designator="61" footprintpin="61" />
    <pinmap designator="62" footprintpin="62" />
    <pinmap designator="63" footprintpin="63" />
    <pinmap designator="64" footprintpin="64" />
    <text name="Datasheet" originx="0" originy="0" style="Default" rotation="0" justify="" flipped="False" hidden="True" data="https://www.renesas.com/document/dst/renesas-ra4m1-group-datasheet?language=en&amp;r=1054146" />
    <text name="Description" originx="0" originy="0" style="Default" rotation="0" justify="" flipped="False" hidden="True" data="The Renesas RA4M1 group of microcontrollers (MCUs) uses the high-performance Arm Cortex-M4 core and offers a segment LCD controller and a capacitive touch sensing unit input for intensive HMI designs. The RA4M1 MCU is built on a highly efficient low power process and is supported by an open and flexible ecosystem conceptthe Flexible Software Package (FSP), built on FreeRTOSand is expandable to use other RTOSes and middleware. The RA4M1 is suitable for applications where a large amount of capacitive touc" />
    <text name="Manufacturer_Name" originx="0" originy="0" style="Default" rotation="0" justify="" flipped="False" hidden="True" data="Renesas Electronics" />
    <text name="Manufacturer_Part_Number" originx="1950" originy="900" style="Default" rotation="0" justify="left" flipped="False" hidden="False" data="R7FA4M1AB3CFM#AA0" />
    <text name="Mouser Part Number" originx="0" originy="0" style="Default" rotation="0" justify="" flipped="False" hidden="True" data="968-7FA4M1AB3CFM#AA0" />
    <text name="Mouser Price/Stock" originx="0" originy="0" style="Default" rotation="0" justify="" flipped="False" hidden="True" data="https://www.mouser.co.uk/ProductDetail/Renesas-Electronics/R7FA4M1AB3CFMAA0?qs=d0WKAl%252BL4KbrKuAsyurXHw%3D%3D" />
    <text name="Arrow Part Number" originx="0" originy="0" style="Default" rotation="0" justify="" flipped="False" hidden="True" data="" />
    <text name="Arrow Price/Stock" originx="0" originy="0" style="Default" rotation="0" justify="" flipped="False" hidden="True" data="" />
  </component>
</quadcept_library>
