<?xml version="1.0" encoding="utf-8"?>
<!--/11579569/1717324/2.50/12/4/Integrated Circuit/-->
<quadcept_library>
  <setting unit="mil" />
  <textstyle name="Default" height="47.244094488189" strokewidth="7.8740157480315" charwidth="47.244094488189" />
  <textstyle name="Dimension" height="19.6850393700787" strokewidth="0" charwidth="19.6850393700787" />
  <textstyle name="H127W0635TH00762" height="50" strokewidth="3" charwidth="25" />
  <textstyle name="H15W15TH02" height="59.0551181102362" strokewidth="7.8740157480315" charwidth="59.0551181102362" />
  <padstyle name="r50_22" surface="True" plated="False" isvia="False" nopaste="False" nomask="True" complex="False" holesize="0">
    <padshape layer="TOP" shape="rectangle" width="8.6614173228345" height="19.685039370078" />
    <padshape layer="TOP_SOLDER_MASK" shape="rectangle" width="16.535433070866" height="27.55905511811" />
    <padshape layer="TOP_SOLDER_PASTE" shape="rectangle" width="8.6614173228345" height="19.685039370078" />
  </padstyle>
  <padstyle name="r50_32" surface="True" plated="False" isvia="False" nopaste="False" nomask="True" complex="False" holesize="0">
    <padshape layer="TOP" shape="rectangle" width="12.59842519685" height="19.685039370078" />
    <padshape layer="TOP_SOLDER_MASK" shape="rectangle" width="20.472440944882" height="27.55905511811" />
    <padshape layer="TOP_SOLDER_PASTE" shape="rectangle" width="12.59842519685" height="19.685039370078" />
  </padstyle>
  <padstyle name="r65_22" surface="True" plated="False" isvia="False" nopaste="False" nomask="True" complex="False" holesize="0">
    <padshape layer="TOP" shape="rectangle" width="8.6614173228345" height="25.590551181102" />
    <padshape layer="TOP_SOLDER_MASK" shape="rectangle" width="16.535433070866" height="33.464566929133" />
    <padshape layer="TOP_SOLDER_PASTE" shape="rectangle" width="8.6614173228345" height="25.590551181102" />
  </padstyle>
  <footprint name="NTS0104GU12115" originx="0" originy="0" pickpointx="0" pickpointy="0">
    <pcbpin number="1" name="1" style="r50_32" originx="-29.527559055118" originy="33.464566929133" rotation="90" />
    <pcbpin number="2" name="2" style="r50_22" originx="-29.527559055118" originy="15.748031496063" rotation="90" />
    <pcbpin number="3" name="3" style="r50_22" originx="-29.527559055118" originy="0" rotation="90" />
    <pcbpin number="4" name="4" style="r50_22" originx="-29.527559055118" originy="-15.748031496063" rotation="90" />
    <pcbpin number="5" name="5" style="r50_22" originx="-29.527559055118" originy="-33.464566929133" rotation="90" />
    <pcbpin number="6" name="6" style="r65_22" originx="0" originy="-32.48031496063" rotation="0" />
    <pcbpin number="7" name="7" style="r50_22" originx="29.527559055118" originy="-33.464566929133" rotation="90" />
    <pcbpin number="8" name="8" style="r50_22" originx="29.527559055118" originy="-15.748031496063" rotation="90" />
    <pcbpin number="9" name="9" style="r50_22" originx="29.527559055118" originy="0" rotation="90" />
    <pcbpin number="10" name="10" style="r50_22" originx="29.527559055118" originy="15.748031496063" rotation="90" />
    <pcbpin number="11" name="11" style="r50_22" originx="29.527559055118" originy="33.464566929133" rotation="90" />
    <pcbpin number="12" name="12" style="r65_22" originx="0" originy="32.48031496063" rotation="0" />
    <line layer="TOP_ASSEMBLY" originx="-33.464566929133" originy="39.370078740157" endx="33.464566929133" endy="39.370078740157" width="7.8740157480314" />
    <line layer="TOP_ASSEMBLY" originx="33.464566929133" originy="39.370078740157" endx="33.464566929133" endy="-39.370078740157" width="7.8740157480314" />
    <line layer="TOP_ASSEMBLY" originx="33.464566929133" originy="-39.370078740157" endx="-33.464566929133" endy="-39.370078740157" width="7.8740157480314" />
    <line layer="TOP_ASSEMBLY" originx="-33.464566929133" originy="-39.370078740157" endx="-33.464566929133" endy="39.370078740157" width="7.8740157480314" />
    <line layer="TOP_PLACE_BOUND" originx="-69.527559055117" originy="64.960629921259" endx="59.055118110235" endy="64.960629921259" width="3.9370078740157" />
    <line layer="TOP_PLACE_BOUND" originx="59.055118110235" originy="64.960629921259" endx="59.055118110235" endy="-64.960629921259" width="3.9370078740157" />
    <line layer="TOP_PLACE_BOUND" originx="59.055118110235" originy="-64.960629921259" endx="-69.527559055117" endy="-64.960629921259" width="3.9370078740157" />
    <line layer="TOP_PLACE_BOUND" originx="-69.527559055117" originy="-64.960629921259" endx="-69.527559055117" endy="64.960629921259" width="3.9370078740157" />
    <line layer="TOP_SILKSCREEN" originx="-49.842519685039" originy="33.031496062992" endx="-49.842519685039" endy="33.031496062992" width="0.39370078740157" />
    <arc layer="TOP_SILKSCREEN" originx="-49.645669291338" originy="33.031496062992" startangle="180.0" sweepangle="180.0" radius="0.19685039370079" width="0.39370078740157" />
    <line layer="TOP_SILKSCREEN" originx="-49.448818897637" originy="33.031496062992" endx="-49.448818897637" endy="33.031496062992" width="0.39370078740157" />
    <arc layer="TOP_SILKSCREEN" originx="-49.645669291338" originy="33.031496062992" startangle=".0" sweepangle="180.0" radius="0.19685039370079" width="0.39370078740157" />
  </footprint>
  <symbol name="NTS0104GU12,115" originx="0" originy="0">
    <line originx="200" originy="100" endx="1100" endy="100" width="0" />
    <line originx="1100" originy="-600" endx="1100" endy="100" width="0" />
    <line originx="1100" originy="-600" endx="200" endy="-600" width="0" />
    <line originx="200" originy="100" endx="200" endy="-600" width="0" />
    <sympin number="1" originx="200" originy="0" rotation="180" length="100" width="7.8740157480315" flipped="False">
      <text name="pinname" originx="230" originy="0" style="Default" rotation="0" justify="left" flipped="False" hidden="False" data="VCC(A)" />
      <text name="pindes" originx="140" originy="20" style="Default" rotation="0" justify="lowerright" flipped="False" hidden="False" data="1" />
    </sympin>
    <sympin number="2" originx="200" originy="-100" rotation="180" length="100" width="7.8740157480315" flipped="False">
      <text name="pinname" originx="230" originy="-100" style="Default" rotation="0" justify="left" flipped="False" hidden="False" data="A1" />
      <text name="pindes" originx="140" originy="-80" style="Default" rotation="0" justify="lowerright" flipped="False" hidden="False" data="2" />
    </sympin>
    <sympin number="3" originx="200" originy="-200" rotation="180" length="100" width="7.8740157480315" flipped="False">
      <text name="pinname" originx="230" originy="-200" style="Default" rotation="0" justify="left" flipped="False" hidden="False" data="A2" />
      <text name="pindes" originx="140" originy="-180" style="Default" rotation="0" justify="lowerright" flipped="False" hidden="False" data="3" />
    </sympin>
    <sympin number="4" originx="200" originy="-300" rotation="180" length="100" width="7.8740157480315" flipped="False">
      <text name="pinname" originx="230" originy="-300" style="Default" rotation="0" justify="left" flipped="False" hidden="False" data="A3" />
      <text name="pindes" originx="140" originy="-280" style="Default" rotation="0" justify="lowerright" flipped="False" hidden="False" data="4" />
    </sympin>
    <sympin number="5" originx="200" originy="-400" rotation="180" length="100" width="7.8740157480315" flipped="False">
      <text name="pinname" originx="230" originy="-400" style="Default" rotation="0" justify="left" flipped="False" hidden="False" data="A4" />
      <text name="pindes" originx="140" originy="-380" style="Default" rotation="0" justify="lowerright" flipped="False" hidden="False" data="5" />
    </sympin>
    <sympin number="6" originx="200" originy="-500" rotation="180" length="100" width="7.8740157480315" flipped="False">
      <text name="pinname" originx="230" originy="-500" style="Default" rotation="0" justify="left" flipped="False" hidden="False" data="GND" />
      <text name="pindes" originx="140" originy="-480" style="Default" rotation="0" justify="lowerright" flipped="False" hidden="False" data="6" />
    </sympin>
    <sympin number="7" originx="1100" originy="0" rotation="0" length="100" width="7.8740157480315" flipped="False">
      <text name="pinname" originx="1070" originy="0" style="Default" rotation="0" justify="right" flipped="False" hidden="False" data="B4" />
      <text name="pindes" originx="1160" originy="20" style="Default" rotation="0" justify="lowerleft" flipped="False" hidden="False" data="7" />
    </sympin>
    <sympin number="8" originx="1100" originy="-100" rotation="0" length="100" width="7.8740157480315" flipped="False">
      <text name="pinname" originx="1070" originy="-100" style="Default" rotation="0" justify="right" flipped="False" hidden="False" data="B3" />
      <text name="pindes" originx="1160" originy="-80" style="Default" rotation="0" justify="lowerleft" flipped="False" hidden="False" data="8" />
    </sympin>
    <sympin number="9" originx="1100" originy="-200" rotation="0" length="100" width="7.8740157480315" flipped="False">
      <text name="pinname" originx="1070" originy="-200" style="Default" rotation="0" justify="right" flipped="False" hidden="False" data="B2" />
      <text name="pindes" originx="1160" originy="-180" style="Default" rotation="0" justify="lowerleft" flipped="False" hidden="False" data="9" />
    </sympin>
    <sympin number="10" originx="1100" originy="-300" rotation="0" length="100" width="7.8740157480315" flipped="False">
      <text name="pinname" originx="1070" originy="-300" style="Default" rotation="0" justify="right" flipped="False" hidden="False" data="B1" />
      <text name="pindes" originx="1160" originy="-280" style="Default" rotation="0" justify="lowerleft" flipped="False" hidden="False" data="10" />
    </sympin>
    <sympin number="11" originx="1100" originy="-400" rotation="0" length="100" width="7.8740157480315" flipped="False">
      <text name="pinname" originx="1070" originy="-400" style="Default" rotation="0" justify="right" flipped="False" hidden="False" data="VCC(B)" />
      <text name="pindes" originx="1160" originy="-380" style="Default" rotation="0" justify="lowerleft" flipped="False" hidden="False" data="11" />
    </sympin>
    <sympin number="12" originx="1100" originy="-500" rotation="0" length="100" width="7.8740157480315" flipped="False">
      <text name="pinname" originx="1070" originy="-500" style="Default" rotation="0" justify="right" flipped="False" hidden="False" data="OE" />
      <text name="pindes" originx="1160" originy="-480" style="Default" rotation="0" justify="lowerleft" flipped="False" hidden="False" data="12" />
    </sympin>
  </symbol>
  <component name="NTS0104GU12,115" designatorprefix="IC" height="0" footprint="NTS0104GU12115">
    <comppin designator="1" sympin="1" pinswap="0" gateswap="0" gate="1" group="1" side="" type="Any" name="VCC(A)" />
    <comppin designator="2" sympin="2" pinswap="0" gateswap="0" gate="1" group="1" side="" type="Any" name="A1" />
    <comppin designator="3" sympin="3" pinswap="0" gateswap="0" gate="1" group="1" side="" type="Any" name="A2" />
    <comppin designator="4" sympin="4" pinswap="0" gateswap="0" gate="1" group="1" side="" type="Any" name="A3" />
    <comppin designator="5" sympin="5" pinswap="0" gateswap="0" gate="1" group="1" side="" type="Any" name="A4" />
    <comppin designator="6" sympin="6" pinswap="0" gateswap="0" gate="1" group="1" side="" type="Any" name="GND" />
    <comppin designator="7" sympin="7" pinswap="0" gateswap="0" gate="1" group="1" side="" type="Any" name="B4" />
    <comppin designator="8" sympin="8" pinswap="0" gateswap="0" gate="1" group="1" side="" type="Any" name="B3" />
    <comppin designator="9" sympin="9" pinswap="0" gateswap="0" gate="1" group="1" side="" type="Any" name="B2" />
    <comppin designator="10" sympin="10" pinswap="0" gateswap="0" gate="1" group="1" side="" type="Any" name="B1" />
    <comppin designator="11" sympin="11" pinswap="0" gateswap="0" gate="1" group="1" side="" type="Any" name="VCC(B)" />
    <comppin designator="12" sympin="12" pinswap="0" gateswap="0" gate="1" group="1" side="" type="Any" name="OE" />
    <attached_symbol gate="1" name="NTS0104GU12,115" />
    <pinmap designator="1" footprintpin="1" />
    <pinmap designator="2" footprintpin="2" />
    <pinmap designator="3" footprintpin="3" />
    <pinmap designator="4" footprintpin="4" />
    <pinmap designator="5" footprintpin="5" />
    <pinmap designator="6" footprintpin="6" />
    <pinmap designator="7" footprintpin="7" />
    <pinmap designator="8" footprintpin="8" />
    <pinmap designator="9" footprintpin="9" />
    <pinmap designator="10" footprintpin="10" />
    <pinmap designator="11" footprintpin="11" />
    <pinmap designator="12" footprintpin="12" />
    <text name="Datasheet" originx="0" originy="0" style="Default" rotation="0" justify="" flipped="False" hidden="True" data="https://www.nxp.com/docs/en/data-sheet/NTS0104.pdf" />
    <text name="Description" originx="0" originy="0" style="Default" rotation="0" justify="" flipped="False" hidden="True" data="Translation - Voltage Levels 5.8ns 5.5V 250mW OD" />
    <text name="Manufacturer_Name" originx="0" originy="0" style="Default" rotation="0" justify="" flipped="False" hidden="True" data="NXP" />
    <text name="Manufacturer_Part_Number" originx="1150" originy="200" style="Default" rotation="0" justify="left" flipped="False" hidden="False" data="NTS0104GU12,115" />
    <text name="Mouser Part Number" originx="0" originy="0" style="Default" rotation="0" justify="" flipped="False" hidden="True" data="771-NTS0104GU12115" />
    <text name="Mouser Price/Stock" originx="0" originy="0" style="Default" rotation="0" justify="" flipped="False" hidden="True" data="https://www.mouser.co.uk/ProductDetail/NXP-Semiconductors/NTS0104GU12115?qs=A1cBxND5mHLxKBBpk2Em8w%3D%3D" />
    <text name="Arrow Part Number" originx="0" originy="0" style="Default" rotation="0" justify="" flipped="False" hidden="True" data="NTS0104GU12,115" />
    <text name="Arrow Price/Stock" originx="0" originy="0" style="Default" rotation="0" justify="" flipped="False" hidden="True" data="https://www.arrow.com/en/products/nts0104gu12115/nxp-semiconductors?utm_currency=USD&amp;region=europe" />
  </component>
</quadcept_library>
